1,职业道德是指从事一定职业劳动的人们，在长期的职业活动中形成的(　)。,行为规范,操作程序,劳动技能,思维习惯,A
2,正确阐述职业道德与人生事业的关系的选项是(　)。,没有职业道德的人，任何时刻都不会获得成功,具有较高的职业道德的人，任何时刻都会获得成功,事业成功的人往往并不需要较高的职业道德,职业道德是获得人生事业成功的重要条件,D
3,坚持办事公道，要努力做到(　)。,公私不分,有求必应,公正公平,全面公开,C
4,企业创新要求员工努力做到(　)。,不能墨守成规，但也不能标新立异,大胆地破除现有的结论，自创理论体系,大胆地试大胆地闯，敢于提出新问题,激发人的灵感，遏制冲动和情感,C
5,市场经济条件下，不符合爱岗敬业要求的是(　)的观念。,树立职业理想,强化职业责任,干一行爱一行,多转行多跳槽,D
6,作为一名工作认真负责的员工，应该是(　)。,领导说什么就做什么,领导亲自安排的工作认真做，其他工作可以马虎一点,面上的工作要做仔细一些，看不到的工作可以快一些,工作不分大小，都要认真去做,D
7,企业生产经营活动中，促进员工之间团结合作的措施是(　)。,互利互惠，平均分配,加强交流，平等对话,只要合作，不要竞争,人心叵测，谨慎行事,B
8,全电路欧姆定律指出：电路中的电流由电源(　)、内阻和负载电阻决定。,功率,电压,电阻,电动势,D
9,电路节点是(　)连接点。,两条支路,三条支路,三条或以上支路,任意支路,C
10,磁场内各点的磁感应强度大小相等、方向相同，则称为(　)。,均匀磁场,匀速磁场,恒定磁场,交变磁场,A
11,三相电动势到达最大的顺序是不同的，这种达到最大值的先后次序，称三相电源的相序，相序为U-V-W-U，称为(　)。,正序,负序,逆序,相序,A
12,将变压器的一次侧绕组接交流电源，二次侧绕组的电流大于额定值，这种运行方式称为(　)运行。,空载,过载,满载,轻载,B
13,变压器的基本作用是在交流电路中变电压、变电流、变阻抗、(　)和电气隔离。,变磁通,变相位,变功率,变频率,B
14,变压器的铁心可以分为(　)和芯式两大类。,同心式,交叠式,壳式,笼式,B
15,交流接触器的文字符号是(　)。,QS,SQ,SA,KM,D
16,稳压二极管的正常工作状态是(　)。,导通状态,截止状态,反向击穿状态,任意状态,C
17,容易产生零点漂移的耦合方式是(　)。,阻容耦合,变压器耦合,直接耦合,电感耦合,C
18,要稳定输出电压，减少电路输入电阻应选用(　)负反馈。,电压串联,电压并联,电流串联,电流并联,B
19,下列集成运放的应用能将矩形波变为尖顶脉冲波的是(　)。,比例应用,加法应用,微分应用,比较器,C
20,RC选频振荡电路，能产生电路振荡的放大电路的放大倍数至少为(　)。,10,3,5,20,B
21,LC选频振荡电路达到谐振时，选频电路的相位移为(　)度。,0,90,180,-90,A
22,串联型稳压电路的调整管接成(　)电路形式。,共基极,共集电极,共射极,分压式共射极,B
23,三端集成稳压器件在应用时，要注意输入、输出之间的电压差至少为(　)伏。,1,5,4,2~3,D
24,下列逻辑门电路需要外接上拉电阻才能正常工作的是(　)。,与非门,或非门,与或非门,OC门,D
25,单相半波可控整流电路中晶闸管所承受的最高电压是(　)。,1.414U2,0.707U2,U2,2U2,A
26,单相桥式可控整流电路电感性负载带续流二极管时，晶闸管的导通角为(　)。,180°-α,90°-α,90°+α,180°+α,A
27,单结晶体管触发电路的同步电压信号来自(　)。,负载两端,晶闸管,整流电源,脉冲变压器,C
28,晶闸管电路中串入小电感的目的是(　)。,防止电流尖峰,防止电压尖峰,产生触发脉冲,产生自感电动势,A
29,晶闸管两端并联压敏电阻的目的是实现(　)。,防止冲击电流,防止冲击电压,过流保护,过压保护,D
30,熔断器的额定分断能力必须大于电路中可能出现的最大(　)。,短路电流,工作电流,过载电流,启动电流,A
31,短路电流很大的电气线路中宜选用(　)断路器。,塑壳式,限流型,框架式,直流快速断路器,B
32,接触器的额定电流应不小于被控电路的(　)。,额定电流,负载电流,最大电流,峰值电流,A
33,(　)是企业诚实守信的内在要求。,维护企业信誉,增加职工福利,注重经济效益,开展员工培训,A
34,企业创新要求员工努力做到(　)。,不能墨守成规，但也不能标新立异,大胆地破除现有的结论，自创理论体系,大胆地试大胆地闯，敢于提出新问题,激发人的灵感，遏制冲动和情感,C
35,企业生产经营活动中，促进员工之间团结合作的措施是(　)。,互利互惠，平均分配,加强交流，平等对话,只要合作，不要竞争,人心叵测，谨慎行事,B
36,电工的工具种类很多，(　)。,只要保管好贵重的工具就行了,价格低的工具可以多买一些，丢了也不可惜,要分类保管好,工作中，能拿到什么工具就用什么工具,C
37,串联电阻的分压作用是阻值越大电压越(　)。,小,大,增大,减小,B
38,基尔霍夫定律的节点电流定律也适合任意(　)。,封闭面,短路,开路,连接点,A
39,如图所示，IS=5A，当US单独作用时，I1=3A，当IS和US共同作用时I1为(　)。,2A,1A,0A,3A,B
40,磁场内各点的磁感应强度大小相等、方向相同，则称为(　)。,均匀磁场,匀速磁场,恒定磁场,交变磁场,A
41,在(　)，磁力线由S极指向N极。,磁场外部,磁体内部,磁场两端,磁场一端到另一端,B
42,铁磁材料在磁化过程中，当外加磁场H不断增加，而测得的磁场强度几乎不变的性质称为(　)。,磁滞性,剩磁性,高导磁性,磁饱和性,D
43,将变压器的一次侧绕组接交流电源，二次侧绕组的电流大于额定值，这种运行方式称为(　)运行。,空载,过载,满载,轻载,B
44,三相异步电动机的缺点是(　)。,结构简单,重量轻,调速性能差,转速低,C
45,行程开关的文字符号是(　)。,QS,SQ,SA,KM,B
46,交流接触器的作用是可以(　)接通和断开负载。,频繁地,偶尔,手动,不需,A
47,当二极管外加电压时，反向电流很小，且不随(　)变化。,正向电流,正向电压,电压,反向电压,D
48,测得某电路板上晶体三极管3个电极对地的直流电位分别为VE＝3V，VB＝3.7V，VC＝3.3V，则该管工作在(　)。,放大区,饱和区,截止区,击穿区,B
49,双极型半导体器件是(　)。,二极管,三极管,场效应管,稳压管,B
50,分压式偏置的共发射极放大电路中，若VB点电位过高，电路易出现(　)。,截止失真,饱和失真,晶体管被烧损,双向失真,B
51,如图所示，该电路的反馈类型为(　)。,电压串联负反馈,电压并联负反馈,电流串联负反馈,电流并联负反馈,D
52,用螺丝刀拧紧可能带电的螺钉时，手指应该(　)螺丝刀的金属部分。,接触,压住,抓住,不接触,D
53,钢丝钳（电工钳子）可以用来剪切(　)。,细导线,玻璃管,铜条,水管,A
54,各种绝缘材料的(　)的各种指标是抗张、抗压、抗弯、抗剪、抗撕、抗冲击等各种强度指标。,接绝缘电阻,击穿强度,机械强度,耐热性,C
55,交流接触器一般用于控制(　)的负载。,弱电,无线电,直流电,交流电,D
56,对于△接法的异步电动机应选用(　)结构的热继电器。,四相,三相,两相,单相,B
57,中间继电器的选用依据是控制电路的(　)、电流类型、所需触点的数量和容量等。,短路电流,电压等级,阻抗大小,绝缘等级,B
58,BK系列控制变压器适用于机械设备中一般电器的(　)、局部照明及指示电源。,电动机,油泵,控制电源,压缩机,D
59,压力继电器选用时首先要考虑所测对象的压力范围，还要符合电路中的额定电压，(　)，所测管路接口管径的大小。,触点的功率因数,触点的电阻率,触点的绝缘等级,触点的电流容量,D
60,当检测远距离的的物体时，应优先选用(　)光电开关。,光纤式,槽式,对射式,漫反射式,A
61,下列(　)场所，有可能造成光电开关的误动作，应尽量避开。,办公室,高层建筑,气压低,灰尘较多,D
62,高频振荡电感型接近开关主要由感应头、振荡器、开关器、(　)等组成。,输出电路,继电器,发光二极管,光电三极管,A
63,高频振荡电感型接近开关的感应头附近有金属物体接近时，接近开关(　)。,涡流损耗减少,无信号输出,振荡电路工作,振荡减弱或停止,D
64,接近开关的图形符号中，其菱形部分与常开触点部分用(　)相连。,虚线,实线,双虚线,双实线,A
65,当检测体为(　)时，应选用电容型接近开关。,透明材料,不透明材料,金属材料,非金属材料,D
66,选用接近开关时应注意对工作电压、(　)、响应频率、检测距离等各项指标的要求。,工作速度,工作频率,负载电流,工作功率,C
67,磁性开关可以由(　)构成。,接触器和按钮,二极管和电磁铁,三极管和永久磁铁,永久磁铁和干簧管,D
68,磁性开关中的干簧管是利用(　)来控制的一种开关元件。,磁场信号,压力信号,温度信号,电流信号,A
69,磁性开关的图形符号中，其菱形部分与常开触点部分用(　)相连。,虚线,实线,双虚线,双实线,A
70,磁性开关用于(　)场所时应选金属材质的器件。,化工企业,真空低压,强酸强碱,高温高压,D
71,磁性开关在使用时要注意磁铁与(　)之间的有效距离在10mm左右。,干簧管,磁铁,触点,外壳,A
72,增量式光电编码器主要由(　)、码盘、检测光栅、光电检测器件和转换电路组成。,光电三极管,运算放大器,脉冲发生器,光源,D
73,增量式光电编码器每产生一个(　)就对应于一个增量位移。,输出脉冲信号,输出电流信号,输出电压信号,输出光脉冲,A
74,可以根据增量式光电编码器单位时间内的脉冲数量测出(　)。,相对位置,绝对位置,轴加速度,旋转速度,D
75,增量式光电编码器根据信号传输距离选型时要考虑(　)。,输出信号类型,电源频率,环境温度,空间高度,A
76,增量式光电编码器配线延长时，应在(　)以下。,1km,100m,1m,10m,D
77,下列选项不是PLC的特点(　)。,抗干扰能力强,编程方便,安装调试方便,功能单一,D
78,可编程序控制器采用大规模集成电路构成的(　)和存储器来组成逻辑部分。,运算器,微处理器,控制器,累加器,B
79,FX2N系列可编程序控制器计数器用(　)表示。,X,Y,T,C,D
80,可编程序控制器通过编程可以灵活地改变(　)，实现改变常规电气控制电路的目的。,主电路,硬接线,控制电路,控制程序,D
81,在一个程序中，同一地址号的线圈(　)次输出，且继电器线圈不能串联只能并联。,只能有一,只能有二,只能有三,无限,A
82,FX2N系列可编程序控制器输入隔离采用的形式是(　)。,变压器,电容器,光电耦合器,发光二极管,C
83,可编程序控制器(　)中存放的随机数据掉电即丢失。,RAM,ROM,EEPROM,以上都是,A
84,可编程控制器在RUN模式下，执行顺序是(　)。,输入采样→执行用户程序→输出刷新,执行用户程序→输入采样→输出刷新,输入采样→输出刷新→执行用户程序,以上都不对,A
85,PLC(　)阶段把逻辑解读的结果，通过输出部件输出给现场的受控元件。,输出采样,输入采样,程序执行,输出刷新,D
86,用PLC控制可以节省大量继电器接触器控制电路中的(　)。,交流接触器,熔断器,开关,中间继电器和时间继电器,D
87,FX2N-20MT可编程序控制器表示(　)类型。,继电器输出,晶闸管输出,晶体管输出,单结晶体管输出,C
88,下列选项(　)不是可编程序控制器的抗干扰措施。,可靠接地,电源滤波,晶体管输出,光电耦合器,C
89,FX2N系列可编程序控制器输入常开点用(　)指令。,LD,LDI,OR,ORI,A
90,PLC梯形图编程时，右端输出继电器的线圈只能并联(　)个。,三,二,一,不限,D
91,PLC控制程序，由(　)部分构成。,一,二,三,无限,C
92,(　)是可编程序控制器使用较广的编程方式。,功能表图,梯形图,位置图,逻辑图,B
93,在FX2NPLC中，T0的定时精度为(　)。,10ms,100ms,1s,1ms,B
94,对于简单的PLC梯形图设计时，一般采用(　)。,子程序,顺序控制设计法,经验法,中断程序,C
95,FX2NPLC的通信口是(　)模式。,RS232,RS485,RS422,USB,C
96,三菱GXDeveloperPLC编程软件可以对(　)PLC进行编程。,A系列,Q系列,FX系列,以上都可以,D
97,将程序写入可编程序控制器时，首先将存储器清零，然后按操作说明写入(　)，结束时用结束指令。,地址,程序,指令,序号,B
98,对于晶体管输出型可编程序控制器其所带负载只能是额定(　)电源供电。,交流,直流,交流或直流,高压直流,B
99,对于可编程序控制器电源干扰的抑制，一般采用隔离变压器和(　)来解决。,直流滤波器,交流滤波器,直流发电机,交流整流器,B
100,根据电动机自动往返梯形图，下列指令正确的是(　)。,LDIX002,ANDX001,ORY002,ANDY001,C
101,FX编程器的显示内容包括地址、数据、(　)、指令执行情况和系统工作状态等。,程序,参数,工作方式,位移储存器,C
102,对于晶闸管输出型PLC，要注意负载电源为(　)，并且不能超过额定值。,AC600V,AC220V,DC220V,DC24V,B
103,变频器是通过改变交流电动机定子电压、频率等参数来(　)的装置。,调节电动机转速,调节电动机转矩,调节电动机功率,调节电动机性能,A
104,交―交变频装置输出频率受限制，最高频率不超过电网频率的(　)，所以通常只适用于低速大功率拖动系统。,1月2日,3月4日,1月5日,2月3日,A
105,在通用变频器主电路中的电源整流器件较多采用(　)。,快恢复二极管,普通整流二极管,肖特基二极管,普通晶闸管,B
106,富士紧凑型变频器是(　)。,E11S系列,FRENIC-Mini系列,G11系列,VG7-UD系列,A
107,变频器常见的各种频率给定方式中，最易受干扰的方式是(　)方式。,键盘给定,模拟电压信号给定,模拟电流信号给定,通信方式给定,B
108,在变频器的几种控制方式中，其动态性能比较的结论是：(　)。,转差型矢量控制系统优于无速度检测器的矢量控制系统,U/f控制优于转差频率控制,转差频率控制优于矢量控制,无速度检测器的矢量控制系统优于转差型矢量控制系统,A
109,变频器的干扰有：电源干扰、地线干扰、串扰、公共阻抗干扰等。尽量缩短电源线和地线是竭力避免(　)。,电源干扰,地线干扰,串扰,公共阻抗干扰,D
110,西门子MM440变频器可通过USS串行接口来控制其启动、停止（命令信号源）及(　)。,频率输出大小,电机参数,直流制动电流,制动起始频率,A
111,西门子MM420变频器的主电路电源端子(　)需经交流接触器和保护用断路器与三相电源连接。但不宜采用主电路的通、断进行变频器的运行与停止操作。,X、Y、Z,U、V、W,L1、L2、L3,,C
112,交流电动机最佳的启动效果是：(　)。,启动电流越小越好,启动电流越大越好,（可调）恒流启动,（可调）恒压启动,C
113,用于标准电路正常启动设计的西门子软启动器型号是：(　)。,3RW30,3RW31,3RW22,3RW34,C
114,变频启动方式比软启动器的启动转矩(　)。,大,小,一样,小很多,A
115,软启动器的功能调节参数有：运行参数、(　)、停车参数。,电阻参数,启动参数,电子参数,电源参数,B
116,笼形异步电动机启动时冲击电流大，是因为启动时(　)。,电动机转子绕组电动势大,电动机温度低,电动机定子绕组频率低,电动机的启动转矩大,A
117,软启动器主电路中接三相异步电动机的端子是(　)。,C,X、Y、Z,U1、V1、W1,L1、L2、L3,C
118,软启动器对(　)负载应采取加突跳转矩控制的启动方式。,水泵类,风机类,静阻力矩较大的,静阻力矩较小的,C
119,软启动器进行启动操作后，电动机运转，但长时间达不到额定值。此故障不可能的原因是(　)。,启动参数不合适,晶闸管模块故障,启动控制方式不当,启动线路接线错误,D
120,高频振荡电感型接近开关主要由感应头、振荡器、(　)、输出电路等组成。,继电器,开关器,发光二极管,光电三极管,B
121,高频振荡电感型接近开关的感应头附近无金属物体接近时，接近开关(　)。,无信号输出,有信号输出,振荡减弱,产生涡流损耗,A
122,接近开关的图形符号中，其菱形部分与常开触点部分用(　)相连。,虚线,实线,双虚线,双实线,A
123,当检测体为(　)时，应选用高频振荡型接近开关。,透明材料,不透明材料,金属材料,非金属材料,C
124,选用接近开关时应注意对工作电压、(　)、响应频率、检测距离等各项指标的要求。,工作速度,工作频率,负载电流,工作功率,C
125,磁性开关可以由(　)构成。,接触器和按钮,二极管和电磁铁,三极管和永久磁铁,永久磁铁和干簧管,D
126,磁性开关中的干簧管是利用(　)来控制的一种开关元件。,磁场信号,压力信号,温度信号,电流信号,A
127,磁性开关的图形符号中，其常开触点部分与(　)的符号相同。,断路器,一般开关,热继电器,时间继电器,B
128,磁性开关在使用时要注意磁铁与(　)之间的有效距离在10mm左右。,干簧管,磁铁,触点,外壳,A
129,增量式光电编码器主要由(　)、码盘、检测光栅、光电检测器件和转换电路组成。,光电三极管,运算放大器,脉冲发生器,光源,D
130,增量式光电编码器每产生一个(　)就对应于一个增量位移。,输出脉冲信号,输出电流信号,输出电压信号,输出光脉冲,A
131,可以根据增量式光电编码器单位时间内的脉冲数量测出(　)。,相对位置,绝对位置,轴加速度,旋转速度,D
132,增量式光电编码器根据输出信号的可靠性选型时要考虑(　)。,电源频率,最大分辨速度,环境温度,空间高度,B
133,增量式光电编码器接线时，应在电源(　)下进行。,接通状态,断开状态,电压较低状态,电压正常状态,B
134,可编程序控制器采用了一系列可靠性设计，如(　)、掉电保护、故障诊断和信息保护及恢复等。,简单设计,简化设计,冗余设计,功能设计,C
135,可编程序控制器通过编程，灵活地改变其控制程序，相当于改变了继电器控制的(　)。,主电路,自锁电路,互锁电路,控制电路,D
136,可编程序控制器系统由基本单元、(　)、编程器、用户程序、程序存入器等组成。,键盘,鼠标,扩展单元,外围设备,C
137,FX2N系列可编程序控制器计数器用(　)表示。,X,Y,T,C,D
138,可编程序控制器由(　)组成。,输入部分、逻辑部分和输出部分,输入部分和逻辑部分,输入部分和输出部分,逻辑部分和输出部分,A
139,FX2N系列可编程序控制器梯形图规定串联和并联的触点数是(　)。,有限的,无限的,最多4个,最多7个,B
140,FX2N系列可编程序控制器光电耦合器有效输入电平形式是(　)。,高电平,低电平,高电平或低电平,以上都是,B
141,可编程控制器在RUN模式下，执行顺序是(　)。,输入采样→执行用户程序→输出刷新,执行用户程序→输入采样→输出刷新,输入采样→输出刷新→执行用户程序,以上都不对,A
142,可编程序控制器停止时，(　)阶段停止执行。,程序执行,存储器刷新,传感器采样,输入采样,A
143,FX2N可编程序控制器(　)输出反应速度比较快。,继电器型,晶体管和晶闸管型,晶体管和继电器型,继电器和晶闸管型,B
144,对于PLC晶体管输出，带感性负载时，需要采取(　)的抗干扰措施。,在负载两端并联续流二极管和稳压管串联电路,电源滤波,可靠接地,光电耦合器,A
145,FX2N系列可编程序控制器中回路并联连接用(　)指令。,AND,ANI,ANB,ORB,D
146,在FX2NPLC中，M8000线圈用户可以使用(　)次。,3,2,1,0,D
147,PLC控制程序，由(　)部分构成。,一,二,三,无限,C
148,可编程序控制器的梯形图规定串联和并联的触点数是(　)。,有限的,无限的,最多8个,最多16个,B
149,在FX2NPLC中，(　)是积算定时器。,T0,T100,T245,T255,D
150,对于复杂的PLC梯形图设计时，一般采用(　)。,经验法,顺序控制设计法,子程序,中断程序,B
151,FX2NPLC的通信口是(　)模式。,RS232,RS485,RS422,USB,C
152,三菱GXDeveloperPLC编程软件可以对(　)PLC进行编程。,A系列,Q系列,FX系列,以上都可以,D
153,对于继电器输出型可编程序控制器其所带负载只能是额定(　)电源供电。,交流,直流,交流或直流,低压直流,C
154,对于可编程序控制器电源干扰的抑制，一般采用隔离变压器和(　)来解决。,直流滤波器,交流滤波器,直流发电机,交流整流器,B
155,为避免程序和(　)丢失，可编程序控制器装有锂电池，当锂电池电压降至相应的信号灯亮时，要及时更换电池。,地址,序号,指令,数据,D
156,根据电机正反转梯形图，下列指令正确的是(　)。,ORIY002,LDIX001,ANDX000,ANDIX002,D
157,根据电动机顺序启动梯形图，下列指令正确的是(　)。,LDIT20,ANDX001,OUTY002,ANDX002,C
158,根据电动机自动往返梯形图，下列指令正确的是(　)。,LDIX002,ANDX001,ORY002,ANDY001,C
159,FX编程器的显示内容包括地址、数据、工作方式、(　)情况和系统工作状态等。,位移储存器,参数,程序,指令执行,D
160,对于晶闸管输出型PLC，要注意负载电源为(　)，并且不能超过额定值。,AC600V,AC220V,DC220V,DC24V,B
161,变频器是通过改变交流电动机定子电压、频率等参数来(　)的装置。,调节电动机转速,调节电动机转矩,调节电动机功率,调节电动机性能,A
162,交―交变频装置输出频率受限制，最高频率不超过电网频率的(　)，所以通常只适用于低速大功率拖动系统。,1月2日,3月4日,1月5日,2月3日,A
163,在通用变频器主电路中的电源整流器件较多采用(　)。,快恢复二极管,普通整流二极管,肖特基二极管,普通晶闸管,B
164,富士紧凑型变频器是(　)。,E11S系列,FRENIC-Mini系列,G11系列,VG7-UD系列,A
165,变频器在额定电压和基准频率下恒转矩调速时，用户应选择的U/f线是(　)。,线性补偿,分段（折线型）补偿,平方率补偿,以上均可,A
166,(　)是变频器对电动机进行恒功率控制和恒转矩控制的分界线，应按电动机的额定频率设定。,基本频率,最高频率,最低频率,上限频率,A
167,变频器的干扰有：电源干扰、地线干扰、串扰、公共阻抗干扰等。尽量缩短电源线和地线是竭力避免(　)。,电源干扰,地线干扰,串扰,公共阻抗干扰,D
168,变频器中的直流制动是克服低速爬行现象而设置的，拖动负载惯性越大，(　)设定值越高。,直流制动电压,直流制动时间,直流制动电流,制动起始频率,A
169,西门子MM420变频器的主电路电源端子(　)需经交流接触器和保护用断路器与三相电源连接。但不宜采用主电路的通、断进行变频器的运行与停止操作。,X、Y、Z,U、V、W,L1、L2、L3,,C
170,一台使用多年的250kW电动机拖动鼓风机，经变频改造运行二个月后常出现过流跳闸。故障的原因可能是(　)。,变频器选配不当,变频器参数设置不当,变频供电的高频谐波使电机绝缘加速老化,负载有时过重,C
171,交流电动机最佳的启动效果是：(　)。,启动电流越小越好,启动电流越大越好,（可调）恒流启动,（可调）恒压启动,C
172,软启动器中晶闸管调压电路采用(　)时，主电路中电流谐波最小。,三相全控Y连接,三相全控Y0连接,三相半控Y连接,星三角连接,A
173,用于标准电路正常启动设计的西门子软启动器型号是：(　)。,3RW30,3RW31,3RW22,3RW34,C
174,软启动器的启动转矩比变频启动方式(　)。,大,小,一样,大很多,B
175,软启动器的功能调节参数有：运行参数、(　)、停车参数。,电阻参数,启动参数,电子参数,电源参数,B
176,水泵停车时，软起动器应采用(　)。,自由停车,软停车,能耗制动停车,反接制动停车,B
177,软启动器(　)常用于短时重复工作的电动机。,跨越运行模式,接触器旁路运行模式,节能运行模式,调压调速运行模式,C
178,软启动器启动完成后，旁路接触器刚动作就跳闸。故障原因可能是(　)。,启动参数不合适,晶闸管模块故障,启动控制方式不当,旁路接触器与软启动器的接线相序不一致。,D
179,软启动器旁路接触器必须与软启动器的输入和输出端一一对应接正确，(　)。,要就近安装接线,允许变换相序,不允许变换相序,要做好标识,C
180,为了促进企业的规范化发展，需要发挥企业文化的(　)功能。,娱乐,主导,决策,自律,D
181,关于创新的正确论述是(　)。,不墨守成规，但也不可标新立异,企业经不起折腾，大胆地闯早晚会出问题,创新是企业发展的动力,创新需要灵感，但不需要情感,C
182,制止损坏企业设备的行为，(　)。,只是企业领导的责任,对普通员工没有要求,是每一位员工和领导的责任和义务,不能影响员工之间的关系,C
183,下面说法中不正确的是(　)。,下班后不要穿工作服,不穿奇装异服上班,上班时要按规定穿整洁的工作服,女职工的工作服越艳丽越好,D
184,一般电路由(　)、负载和中间环节三个基本部分组成。,电线,电压,电流,电源,D
185,有“220V、100W”和“220V、25W”白炽灯两盏，串联后接入220V交流电源，其亮度情况是(　)。,100W灯泡最亮,25W灯泡最亮,两只灯泡一样亮,两只灯泡一样暗,B
186,磁感应强度B与磁场强度H的关系为(　)。,H=μB,B=μH,H=μ0B,B=μ0B,B
187,把垂直穿过磁场中某一截面的磁力线条数叫作(　)。,磁通或磁通量,磁感应强度,磁导率,磁场强度,A
188,正弦量有效值与最大值之间的关系，正确的是(　)。,E=Em/,U=Um/2,Iav=2/π*Em,Eav=Em/2,A
189,三相电动势到达最大的顺序是不同的，这种达到最大值的先后次序，称三相电源的相序，相序为U-V-W-U，称为(　)。,正序,负序,逆序,相序,A
190,变压器的基本作用是在交流电路中变电压、变电流、变阻抗、(　)和电气隔离。,变磁通,变相位,变功率,变频率,B
191,行程开关的文字符号是(　)。,QS,SQ,SA,KM,B
192,"(　)以电气原理图,安装接线图和平面布置图最为重要。",电工,操作者,技术人员,维修电工,D
193,三极管的fα高于等于(　)为高频管。,1MHz,2MHz,3MHz,4MHz,C
194,根据仪表取得读数的方法可分为(　)。,指针式,数字式,记录式,以上都是,D
195,拧螺钉时应该选用(　)。,规格一致的螺丝刀,规格大一号的螺丝刀，省力气,规格小一号的螺丝刀，效率高,全金属的螺丝刀，防触电,A
196,喷灯使用完毕，应将剩余的燃料油(　)，将喷灯污物擦除后，妥善保管。,烧净,保存在油筒内,倒掉,倒出回收,D
197,火焰与带电体之间的最小距离，10KV及以下为(　)m。,1.5,2,3,2.5,A
198,文明生产要求零件、半成品、(　)放置整齐，设备仪器保持良好状态。,原料,工夹量具,服装,电表,B
199,调节电桥平衡时，若检流计指针向标有“－”的方向偏转时，说明(　)。,通过检流计电流大、应增大比较臂的电阻,通过检流计电流小、应增大比较臂的电阻,通过检流计电流小、应减小比较臂的电阻,通过检流计电流大、应减小比较臂的电阻,C
200,直流双臂电桥达到平衡时，被测电阻值为(　)。,倍率读数与可调电阻相乘,倍率读数与桥臂电阻相乘,桥臂电阻与固定电阻相乘,桥臂电阻与可调电阻相乘,A
201,直流单臂电桥和直流双臂电桥的测量端数目分别为(　)。,2、4,4、2,2、3,3、2,A
202,低频信号发生器的输出有(　)输出。,电压、电流,电压、功率,电流、功率,电压、电阻,B
203,数字万用表按量程转换方式可分为(　)类。,5,3,4,2,B
204,晶体管特性图示仪可观测(　)特性曲线。,共基极,共集电极,共发射极,以上都是,D
205,一般TTL与非门电路的扇出系数通常为(　)以上。,8,5,10,20,A
206,晶闸管型号KS20-8中的S表示(　)。,双层,双向,三层,三极,B
207,普通晶闸管边上P层的引出极是(　)。,漏极,阴极,门极,阳极,D
208,普通晶闸管的额定电流是以工频(　)电流的平均值来表示的。,三角波,方波,正弦半波,正弦全波,C
209,单结晶体管的结构中有(　)个电极。,4,3,2,1,B
210,单结晶体管两个基极的文字符号是(　)。,C1、C2,D1、D2,E1、E2,B1、B2,D
211,集成运放通常有(　)部分组成。,3,4,5,6,B
212,理想集成运放的差模输入电阻为(　)。,1MΩ,2MΩ,3MΩ,∞,D
213,固定偏置共射极放大电路，已知RB=300KΩ，RC=4KΩ，Vcc=12V，β=50，则ICQ为(　)。,2μA,3μA,2mA,3mA,C
214,固定偏置共射放大电路出现饱和失真，是(　)。,RB偏小,RB偏大,Rc偏小,Rc偏大,A
215,为了增加带负载能力，常用共集电极放大电路的(　)特性。,输入电阻大,输入电阻小,输出电阻大,输出电阻小,D
216,共射极放大电路的输出电阻比共基极放大电路的输出电阻是(　)。,大,小,相等,不定,C
217,要稳定输出电流，增大电路输入电阻应选用(　)负反馈。,电压串联,电压并联,电流串联,电流并联,C
218,下列集成运放的应用能将矩形波变为尖顶脉冲波的是(　)。,比例应用,加法应用,微分应用,比较器,C
219,单片集成功率放大器件的功率通常在(　)瓦左右。,10,1,5,8,B
220,RC选频振荡电路，能产生电路振荡的放大电路的放大倍数至少为(　)。,10,3,5,20,B
221,LC选频振荡电路达到谐振时，选频电路的相位移为(　)度。,0,90,180,-90,A
222,串联型稳压电路的调整管接成(　)电路形式。,共基极,共集电极,共射极,分压式共射极,B
223,CW78L05型三端集成稳压器件的输出电压及最大输出电流分别为(　)。,5V、1A,5V、0.1A,5V、0.5A,5V、1.5A,B
224,下列不属于三态门的逻辑状态的是(　)。,高电平,低电平,大电流,高阻,C
225,单相桥式可控整流电路中，控制角α越大，输出电压Ud(　)。,越大,越小,为零,越负,B
226,单相桥式可控整流电路电阻性负载，晶闸管中的电流平均值是负载的(　)倍。,0.5,1,2,0.25,A
227,单结晶体管触发电路输出(　)。,双脉冲,尖脉冲,单脉冲,宽脉冲,B
228,晶闸管电路中串入小电感的目的是(　)。,防止电流尖峰,防止电压尖峰,产生触发脉冲,产生自感电动势,A
229,晶闸管两端(　)的目的是防止电压尖峰。,串联小电容,并联小电容,并联小电感,串联小电感,B
230,熔断器的额定分断能力必须大于电路中可能出现的最大(　)。,短路电流,工作电流,过载电流,启动电流,A
231,控制和保护含半导体器件的直流电路中宜选用(　)断路器。,塑壳式,限流型,框架式,直流快速断路器,D
232,接触器的额定电流应不小于被控电路的(　)。,额定电流,负载电流,最大电流,峰值电流,A
233,中间继电器的选用依据是控制电路的电压等级、(　)、所需触点的数量和容量等。,电流类型,短路电流,阻抗大小,绝缘等级,A
234,根据机械与行程开关传力和位移关系选择合适的(　)。,电流类型,电压等级,接线型式,头部型式,D
235,选用LED指示灯的优点之一是(　)。,寿命长,发光强,价格低,颜色多,A
236,BK系列控制变压器通常用作机床控制电器局部(　)及指示的电源之用。,照明灯,电动机,油泵,压缩机,A
237,对于环境温度变化大的场合，不宜选用(　)时间继电器。,晶体管式,电动式,液压式,手动式,A
238,压力继电器选用时首先要考虑所测对象的压力范围，还要符合电路中的额定电压，所测管路(　)。,绝缘等级,电阻率,接口管径的大小,材料,C
239,直流电动机结构复杂、价格贵、制造麻烦、维护困难，但是启动性能好、(　)。,调速范围大,调速范围小,调速力矩大,调速力矩小,A
240,直流电动机的转子由电枢铁心、电枢绕组、(　)、转轴等组成。,接线盒,换向极,主磁极,换向器,D
241,直流电动机按照励磁方式可分他励、(　)、串励和复励四类。,电励,并励,激励,自励,B
242,直流电动机常用的启动方法有：(　)、降压启动等。,弱磁启动,Y-△启动,电枢串电阻启动,变频启动,C
243,直流电动机降低电枢电压调速时，属于(　)调速方式。,恒转矩,恒功率,通风机,泵类,A
244,直流电动机的各种制动方法中，消耗电能最多的方法是(　)。,反接制动,能耗制动,回馈制动,再生制动,A
245,直流他励电动机需要反转时，一般将(　)两头反接。,励磁绕组,电枢绕组,补偿绕组,换向绕组,B
246,下列故障原因中(　)会造成直流电动机不能启动。,电源电压过高,电源电压过低,电刷架位置不对,励磁回路电阻过大,B
247,绕线式异步电动机转子串电阻启动时，随着(　)，要逐渐减小电阻。,电流的增大,转差率的增大,转速的升高,转速的降低,C
248,绕线式异步电动机转子串频敏变阻器启动与串电阻分级启动相比，控制线路(　)。,比较简单,比较复杂,只能手动控制,只能自动控制,A
249,以下属于多台电动机顺序控制的线路是(　)。,一台电动机正转时不能立即反转的控制线路,Y-△启动控制线路,电梯先上升后下降的控制线路,电动机2可以单独停止，电动机1停止时电动机2也停止的控制线路,D
250,多台电动机的顺序控制线路(　)。,既包括顺序启动，又包括顺序停止,不包括顺序停止,不包括顺序启动,通过自锁环节来实现,A
251,三相异步电动机的位置控制电路中，除了用行程开关外，还可用(　)。,断路器,速度继电器,热继电器,光电传感器,D
252,下列不属于位置控制线路的是(　)。,走廊照明灯的两处控制电路,龙门刨床的自动往返控制电路,电梯的开关门电路,工厂车间里行车的终点保护电路,A
253,三相异步电动机采用(　)时，能量消耗小，制动平稳。,发电制动,回馈制动,能耗制动,反接制动,C
254,三相异步电动机能耗制动的控制线路至少需要(　)个按钮。,2,1,4,3,A
255,三相异步电动机电源反接制动时需要在定子回路中串入(　)。,限流开关,限流电阻,限流二极管,限流三极管,B
256,同步电动机采用变频启动法启动时，转子励磁绕组应该(　)。,接到规定的直流电源,串入一定的电阻后短接,开路,短路,A
257,M7130平面磨床的主电路中有三台电动机，使用了(　)热继电器。,三个,四个,一个,两个,D
258,M7130平面磨床的控制电路由(　)供电。,直流110V,直流220V,交流200V,交流380V,D
259,M7130平面磨床控制线路中整流变压器安装在配电板的(　)。,左方,右方,上方,下方,D
260,M7130平面磨床中，砂轮电动机和液压泵电动机都采用了接触器(　)控制电路。,自锁反转,自锁正转,互锁正转,互锁反转,B
261,M7130平面磨床中砂轮电动机的热继电器动作的原因之一是(　)。,电源熔断器FU1烧断两个,砂轮进给量过大,液压泵电动机过载,接插器X2接触不良,B
262,M7130平面磨床中，电磁吸盘退磁不好使工件取下困难，但退磁电路正常，退磁电压也正常，则需要检查和调整(　)。,退磁功率,退磁频率,退磁电流,退磁时间,D
263,C6150车床快速移动电动机通过(　)控制正反转。,三位置自动复位开关,两个交流接触器,两个低压断路器,三个热继电器,A
264,C6150车床控制电路中有(　)行程开关。,3个,4个,5个,6个,D
265,C6150车床控制线路中变压器安装在配电板的(　)。,左方,右方,上方,下方,D
266,C6150车床(　)的正反转控制线路具有中间继电器互锁功能。,冷却液电动机,主轴电动机,快速移动电动机,主轴,D
267,C6150车床其他正常，而主轴无制动时，应重点检修(　)。,电源进线开关,接触器KM1和KM2的常闭触点,控制变压器TC,中间继电器KA1和KA2的常闭触点,D
268,Z3040摇臂钻床主电路中的四台电动机，有(　)台电动机需要正反转控制。,2,3,4,1,A
269,Z3040摇臂钻床的冷却泵电动机由(　)控制。,接插器,接触器,按钮点动,手动开关,D
270,Z3040摇臂钻床中的控制变压器比较重，所以应该安装在配电板的(　)。,下方,上方,右方,左方,A
271,Z3040摇臂钻床中的摇臂升降电动机，(　)。,由接触器KM1控制单向旋转,由接触器KM2和KM3控制点动正反转,由接触器KM2控制点动工作,由接触器KM1和KM2控制自动往返工作,B
272,Z3040摇臂钻床中液压泵电动机的正反转具有(　)功能。,接触器互锁,双重互锁,按钮互锁,电磁阀互锁,A
273,Z3040摇臂钻床中摇臂不能夹紧的原因是液压泵电动机过早停转时，应(　)。,调整速度继电器位置,重接电源相序,更换液压泵,调整行程开关SQ3位置,D
274,光电开关的接收器部分包含(　)。,定时器,调制器,发光二极管,光电三极管,D
275,光电开关的接收器根据所接收到的光线强弱对目标物体实现探测，产生(　)。,开关信号,压力信号,警示信号,频率信号,A
276,光电开关可以非接触、(　)地迅速检测和控制各种固体、液体、透明体、黑体、柔软体、烟雾等物质的状态。,高亮度,小电流,大力矩,无损伤,D
277,当检测远距离的的物体时，应优先选用(　)光电开关。,光纤式,槽式,对射式,漫反射式,A
278,高频振荡电感型接近开关主要由感应头、(　)、开关器、输出电路等组成。,光电三极管,发光二极管,振荡器,继电器,C
279,高频振荡电感型接近开关的感应头附近无金属物体接近时，接近开关(　)。,无信号输出,有信号输出,振荡减弱,产生涡流损耗,A
280,接近开关的图形符号中有一个(　)。,长方形,平行四边形,菱形,正方形,C
281,当检测体为(　)时，应选用电容型接近开关。,透明材料,不透明材料,金属材料,非金属材料,D
282,磁性开关可以由(　)构成。,继电器和电磁铁,二极管和三极管,永久磁铁和干簧管,三极管和继电器,C
283,磁性开关中的干簧管是利用(　)来控制的一种开关元件。,磁场信号,压力信号,温度信号,电流信号,A
284,磁性开关的图形符号中有一个(　)。,长方形,平行四边形,菱形,正方形,C
285,磁性开关用于(　)场所时应选金属材质的器件。,化工企业,真空低压,强酸强碱,高温高压,D
286,磁性开关在使用时要注意磁铁与(　)之间的有效距离在10mm左右。,干簧管,磁铁,触点,外壳,A
287,增量式光电编码器主要由(　)、码盘、检测光栅、光电检测器件和转换电路组成。,光电三极管,运算放大器,脉冲发生器,光源,D
288,增量式光电编码器可将转轴的角位移和角速度等机械量转换成相应的(　)以数字量输出。,功率,电流,电脉冲,电压,C
289,可以根据增量式光电编码器单位时间内的脉冲数量测出(　)。,相对位置,绝对位置,轴加速度,旋转速度,D
290,增量式光电编码器根据输出信号的可靠性选型时要考虑(　)。,电源频率,最大分辨速度,环境温度,空间高度,B
291,增量式光电编码器配线延长时，应在(　)以下。,1km,100m,1m,10m,D
292,下列选项不是PLC的特点(　)。,抗干扰能力强,编程方便,安装调试方便,功能单一,D
293,可编程序控制器通过编程，灵活地改变其控制程序，相当于改变了继电器控制的(　)。,主电路,自锁电路,互锁电路,控制电路,D
294,可编程序控制器系统由基本单元、(　)、编程器、用户程序、程序存入器等组成。,键盘,鼠标,扩展单元,外围设备,C
295,FX2N系列可编程序控制器定时器用(　)表示。,X,Y,T,C,C
296,FX2N系列可编程序控制器输入隔离采用的形式是(　)。,变压器,电容器,光电耦合器,发光二极管,C
297,可编程序控制器(　)使用锂电池作为后备电池。,EEPROM,ROM,RAM,以上都是,C
298,可编程控制器在RUN模式下，执行顺序是(　)。,输入采样→执行用户程序→输出刷新,执行用户程序→输入采样→输出刷新,输入采样→输出刷新→执行用户程序,以上都不对,A
299,PLC(　)阶段把逻辑解读的结果，通过输出部件输出给现场的受控元件。,输出采样,输入采样,程序执行,输出刷新,D
300,PLC在程序执行阶段，输入信号的改变会在(　)扫描周期读入。,下一个,当前,下两个,下三个,B
301,用PLC控制可以节省大量继电器接触器控制电路中的(　)。,交流接触器,熔断器,开关,中间继电器和时间继电器,D
302,(　)是PLC主机的技术性能范围。,行程开关,光电传感器,温度传感器,内部标志位,D
303,FX2N可编程序控制器DC24V输出电源，可以为(　)供电。,电磁阀,交流接触器,负载,光电传感器,D
304,FX2N可编程序控制器(　)输出反应速度比较快。,继电器型,晶体管和晶闸管型,晶体管和继电器型,继电器和晶闸管型,B
305,FX2N-20MT可编程序控制器表示(　)类型。,继电器输出,晶闸管输出,晶体管输出,单结晶体管输出,C
306,对于PLC晶体管输出，带感性负载时，需要采取(　)的抗干扰措施。,在负载两端并联续流二极管和稳压管串联电路,电源滤波,可靠接地,光电耦合器,A
307,FX2N系列可编程序控制器中回路并联连接用(　)指令。,AND,ANI,ANB,ORB,D
308,在一个PLC程序中，同一地址号的线圈(　)次输出，且线圈不能串联只能并联。,只能有一,只能有二,只能有三,可以无限,A
309,PLC梯形图编程时，右端输出继电器的线圈能并联(　)个。,一,不限,,二,B
310,PLC编程时，子程序可以有(　)个。,无限,三,二,一,A
311,(　)是可编程序控制器使用较广的编程方式。,功能表图,梯形图,位置图,逻辑图,B
312,对于小型开关量PLC梯形图程序，一般只有(　)。,初始化程序,子程序,中断程序,主程序,D
313,FX2NPLC的通信口是(　)模式。,RS232,RS485,RS422,USB,C
314,三菱GXDeveloperPLC编程软件可以对(　)PLC进行编程。,A系列,Q系列,FX系列,以上都可以,D
315,将程序写入可编程序控制器时，首先将存储器清零，然后按操作说明写入(　)，结束时用结束指令。,地址,程序,指令,序号,B
316,对于继电器输出型可编程序控制器其所带负载只能是额定(　)电源供电。,交流,直流,交流或直流,低压直流,C
317,可编程序控制器的接地线截面一般大于(　)。,1mm2,1.5mm2,2mm2,2.5mm2,C
318,PLC总体检查时，首先检查电源指示灯是否亮。如果不亮，则检查(　)。,电源电路,有何异常情况发生,熔丝是否完好,输入输出是否正常,A
319,根据电动机顺序启动梯形图，下列指令正确的是(　)。,LDIT20,ANDX001,OUTY002,ANDX002,C
320,根据电动机自动往返梯形图，下列指令正确的是(　)。,LDX000,ANDX001,ORIX003,ORIY002,A
321,(　)的方向规定由该点指向参考点。,电压,电位,能量,电能,B
322,正弦量有效值与最大值之间的关系，正确的是(　)。,E=Em/,U=Um/2,Iav=2/π*Em,Eav=Em/2,A
323,三相异步电动机的优点是(　)。,调速性能好,交直流两用,功率因数高,结构简单,D
324,三相异步电动机的转子由转子铁心、(　)、风扇、转轴等组成。,电刷,转子绕组,端盖,机座,B
325,三相异步电动机工作时，其电磁转矩是由旋转磁场与(　)共同作用产生的。,定子电流,转子电流,转子电压,电源电压,B
326,交流接触器的作用是可以(　)接通和断开负载。,频繁地,偶尔,手动,不需,A
327,三相异步电动机的启停控制线路中需要有短路保护、过载保护和(　)功能。,失磁保护,超速保护,零速保护,失压保护,D
328,读图的基本步骤有：看图样说明，(　)，看安装接线图。,看主电路,看电路图,看辅助电路,看交流电路,B
329,三极管的fα高于等于(　)为高频管。,1MHz,2MHz,3MHz,4MHz,C
330,测得某电路板上晶体三极管3个电极对地的直流电位分别为VE＝3V，VB＝3.7V，VC＝3.3V，则该管工作在(　)。,放大区,饱和区,截止区,击穿区,B
331,软磁材料的主要分类有铁氧体软磁材料、(　)、其它软磁材料。,不锈钢,铜合金,铝合金,金属软磁材料,D
332,常见的电伤包括(　)。,电弧烧伤,电烙印,皮肤金属化,以上都是,D
333,民用住宅的供电电压是(　)。,380V,220V,50V,36V,B
334,文明生产要求零件、半成品、(　)放置整齐，设备仪器保持良好状态。,原料,工夹量具,服装,电表,B
335,劳动者的基本义务包括(　)等。,提高职业技能,获得劳动报酬,休息,休假,A
336,2.0级准确度的直流单臂电桥表示测量电阻的误差不超过(　)。,±0.2%,±2%,±20%,±0.02%,B
337,直流双臂电桥达到平衡时，被测电阻值为(　)。,倍率读数与可调电阻相乘,倍率读数与桥臂电阻相乘,桥臂电阻与固定电阻相乘,桥臂电阻与可调电阻相乘,A
338,直流单臂电桥用于测量中值电阻，直流双臂电桥的测量电阻在(　)Ω以下。,10,1,20,30,A
339,信号发生器输出CMOS电平为(　)伏。,3～15,3,5,15,A
340,通常信号发生器按频率分类有(　)。,低频信号发生器,高频信号发生器,超高频信号发生器,以上都是,D
341,M7130平面磨床的主电路中有(　)熔断器。,三组,两组,一组,四组,C
342,M7130平面磨床控制电路中的两个热继电器常闭触点的连接方法是(　)。,并联,串联,混联,独立,B
343,M7130平面磨床中，砂轮电动机和液压泵电动机都采用了接触器(　)控制电路。,自锁反转,自锁正转,互锁正转,互锁反转,B
344,M7130平面磨床中，冷却泵电动机M2必须在(　)运行后才能启动。,照明变压器,伺服驱动器,液压泵电动机M3,砂轮电动机M1,D
345,M7130平面磨床中，砂轮电动机的热继电器经常动作，轴承正常，砂轮进给量正常，则需要检查和调整(　)。,照明变压器,整流变压器,热继电器,液压泵电动机,C
346,C6150车床快速移动电动机通过(　)控制正反转。,三位置自动复位开关,两个交流接触器,两个低压断路器,三个热继电器,A
347,C6150车床的4台电动机中，配线最粗的是(　)。,快速移动电动机,冷却液电动机,主轴电动机,润滑泵电动机,C
348,C6150车床主轴的转向与主轴电动机的转向(　)。,必然相同,相反,无关,一致,C
349,C6150车床(　)的正反转控制线路具有中间继电器互锁功能。,冷却液电动机,主轴电动机,快速移动电动机,主轴,D
350,C6150车床控制电路无法工作的原因是(　)。,接触器KM1损坏,控制变压器TC损坏,接触器KM2损坏,三位置自动复位开关SA1损坏,B
351,C6150车床其他正常，而主轴无制动时，应重点检修(　)。,电源进线开关,接触器KM1和KM2的常闭触点,控制变压器TC,中间继电器KA1和KA2的常闭触点,D
352,Z3040摇臂钻床主电路中有(　)台电动机。,1,3,4,2,C
353,Z3040摇臂钻床的冷却泵电动机由(　)控制。,接插器,接触器,按钮点动,手动开关,D
354,Z3040摇臂钻床中的控制变压器比较重，所以应该安装在配电板的(　)。,下方,上方,右方,左方,A
355,Z3040摇臂钻床中液压泵电动机的正反转具有(　)功能。,接触器互锁,双重互锁,按钮互锁,电磁阀互锁,A
356,Z3040摇臂钻床中摇臂不能升降的原因是摇臂松开后KM2回路不通时，应(　)。,调整行程开关SQ2位置,重接电源相序,更换液压泵,调整速度继电器位置,A
357,光电开关的发射器部分包含(　)。,计数器,解调器,发光二极管,光电三极管,C
358,光电开关的配线不能与(　)放在同一配线管或线槽内。,光纤线,网络线,动力线,电话线,C
359,高频振荡电感型接近开关主要由感应头、振荡器、(　)、输出电路等组成。,继电器,开关器,发光二极管,光电三极管,B
360,高频振荡电感型接近开关的感应头附近有金属物体接近时，接近开关(　)。,涡流损耗减少,无信号输出,振荡电路工作,振荡减弱或停止,D
361,接近开关的图形符号中，其常开触点部分与(　)的符号相同。,断路器,一般开关,热继电器,时间继电器,B
362,当检测体为(　)时，应选用电容型接近开关。,透明材料,不透明材料,金属材料,非金属材料,D
363,磁性开关可以由(　)构成。,接触器和按钮,二极管和电磁铁,三极管和永久磁铁,永久磁铁和干簧管,D
364,磁性开关干簧管内两个铁质弹性簧片的接通与断开是由(　)控制的。,接触器,按钮,电磁铁,永久磁铁,D
365,磁性开关的图形符号中，其常开触点部分与(　)的符号相同。,断路器,一般开关,热继电器,时间继电器,B
366,磁性开关在使用时要注意磁铁与干簧管之间的有效距离在(　)左右。,10cm,10dm,10mm,1mm,C
367,增量式光电编码器主要由光源、(　)、检测光栅、光电检测器件和转换电路组成。,光电三极管,运算放大器,码盘,脉冲发生器,C
368,增量式光电编码器每产生一个(　)就对应于一个增量位移。,输出脉冲信号,输出电流信号,输出电压信号,输出光脉冲,A
369,增量式光电编码器根据信号传输距离选型时要考虑(　)。,输出信号类型,电源频率,环境温度,空间高度,A
370,增量式光电编码器的振动，往往会成为(　)发生的原因。,误脉冲,短路,开路,高压,A
371,可编程序控制器是一种专门在(　)环境下应用而设计的数字运算操作的电子装置。,工业,军事,商业,农业,A
372,可编程序控制器通过编程，灵活地改变其控制程序，相当于改变了继电器控制的(　)。,主电路,自锁电路,互锁电路,控制电路,D
373,可编程序控制器系统由(　)、扩展单元、编程器、用户程序、程序存入器等组成。,基本单元,键盘,鼠标,外围设备,A
374,FX2N系列可编程序控制器定时器用(　)表示。,X,Y,T,C,C
375,可编程序控制器采用大规模集成电路构成的微处理器和(　)来组成逻辑部分。,运算器,控制器,存储器,累加器,C
376,在一个程序中，同一地址号的线圈(　)次输出，且继电器线圈不能串联只能并联。,只能有一,只能有二,只能有三,无限,A
377,FX2N系列可编程序控制器输入隔离采用的形式是(　)。,变压器,电容器,光电耦合器,发光二极管,C
378,可编程控制器在RUN模式下，执行顺序是(　)。,输入采样→执行用户程序→输出刷新,执行用户程序→输入采样→输出刷新,输入采样→输出刷新→执行用户程序,以上都不对,A
379,PLC(　)阶段读入输入信号，将按钮、开关触点、传感器等输入信号读入到存储器内，读入的信号一直保持到下一次该信号再次被读入时为止，即经过一个扫描周期。,输出采样,输入采样,程序执行,输出刷新,B
380,可编程序控制器停止时，(　)阶段停止执行。,程序执行,存储器刷新,传感器采样,输入采样,A
381,用PLC控制可以节省大量继电器接触器控制电路中的(　)。,交流接触器,熔断器,开关,中间继电器和时间继电器,D
382,(　)是PLC主机的技术性能范围。,行程开关,光电传感器,温度传感器,内部标志位,D
383,FX2N可编程序控制器DC24V输出电源，可以为(　)供电。,电磁阀,交流接触器,负载,光电传感器,D
384,FX2N-20MT可编程序控制器表示(　)类型。,继电器输出,晶闸管输出,晶体管输出,单结晶体管输出,C
385,下列选项(　)不是可编程序控制器的抗干扰措施。,可靠接地,电源滤波,晶体管输出,光电耦合器,C
386,FX2N系列可编程序控制器输入常开点用(　)指令。,LD,LDI,OR,ORI,A
387,在一个PLC程序中，同一地址号的线圈只能使用(　)次。,三,二,一,无限,C
388,PLC梯形图编程时，右端输出继电器的线圈能并联(　)个。,一,不限,,二,B
389,PLC编程时，子程序可以有(　)个。,无限,三,二,一,A
390,(　)是可编程序控制器的编程基础。,梯形图,逻辑图,位置图,功能表图,A
391,对于复杂的PLC梯形图设计时，一般采用(　)。,经验法,顺序控制设计法,子程序,中断程序,B
392,三菱GXDeveloperPLC编程软件可以对(　)PLC进行编程。,A系列,Q系列,FX系列,以上都可以,D
393,PLC程序检查包括(　)。,语法检查、线路检查、其他检查,代码检查、语法检查,控制线路检查、语法检查,主回路检查、语法检查,A
394,为避免(　)和数据丢失，可编程序控制器装有锂电池，当锂电池电压降至相应的信号灯亮时，要及时更换电池。,地址,指令,程序,序号,C
395,根据电机正反转梯形图，下列指令正确的是(　)。,ORIY002,LDIX001,ANDX000,ANDIX002,D
396,根据电动机顺序启动梯形图，下列指令正确的是(　)。,LDIX000,ANDT20,ANDX001,OUTT20K30,D
397,根据电动机自动往返梯形图，下列指令正确的是(　)。,LDIX002,ANDX001,ORY002,ANDY001,C
398,对于晶体管输出型PLC，要注意负载电源为(　)，并且不能超过额定值。,AC380V,AC220V,DC220V,DC24V,D
399,变频器是通过改变交流电动机定子电压、频率等参数来(　)的装置。,调节电动机转速,调节电动机转矩,调节电动机功率,调节电动机性能,A
400,静止式变频器从结构上分为交―交变频器和交―直―交变频器；从电源性质上分电压源型和电流源型变频器。实际应用中，大部分的变频器为(　),交―直―交PWM电压源型变频器,交―直―交电流源型变频器,交―交电压源型变频器,交―交电流源型变频器,A
401,在通用变频器主电路中的电源整流器件较多采用(　)。,快恢复二极管,普通整流二极管,肖特基二极管,普通晶闸管,B
402,变频器常见的各种频率给定方式中，最易受干扰的方式是(　)方式。,键盘给定,模拟电压信号给定,模拟电流信号给定,通信方式给定,B
403,SPWM型变频器的变压变频，通常是通过改变(　)来实现的。,参考信号正弦值的幅值和频率,载波信号三角波的幅值和频率,参考信号和载波信号两者的幅值和频率,参考信号的幅值和载波信号的频率,A
404,在变频器的输出侧切勿安装(　)。,移相电容,交流电抗器,噪声滤波器,测试仪表,A
405,变频器中的直流制动是克服低速爬行现象而设置的，拖动负载惯性越大，(　)设定值越高。,直流制动电压,直流制动时间,直流制动电流,制动起始频率,A
406,将变频器与PLC等上位机配合使用时，应注意(　)。,使用共同地线、最好接入噪声滤波器、电线各自分开,不使用共同地线、最好接入噪声滤波器、电线汇总一起布置,不使用共同地线、最好接入噪声滤波器、电线各自分开,不使用共同地线、最好不接入噪声滤波器、电线汇总一起布置,C
407,变频器停车过程中出现过电压故障，原因可能是：(　)。,斜波时间设置过短,转矩提升功能设置不当,散热不良,电源电压不稳,A
408,交流笼型异步电动机的启动方式有：星三角启动、自耦减压启动、定子串电阻启动和软启动等。从启动性能上讲，最好的是(　)。,星三角启动,自耦减压启动,串电阻启动,软启动,D
409,低压软启动器的主电路通常采用(　)形式。,电阻调压,自耦调压,开关变压器调压,晶闸管调压,D
410,西普STR系列(　)软启动器，是内置旁路、集成型。,A型,B型,C型,L型,A
411,变频启动方式比软启动器的启动转矩(　)。,大,小,一样,小很多,A
412,软启动器的功能调节参数有：运行参数、(　)、停车参数。,电阻参数,启动参数,电子参数,电源参数,B
413,笼形异步电动机启动时冲击电流大，是因为启动时(　)。,电动机转子绕组电动势大,电动机温度低,电动机定子绕组频率低,电动机的启动转矩大,A
414,软启动器在(　)下，一台软启动器才有可能启动多台电动机。,跨越运行模式,节能运行模式,接触器旁路运行模式,调压调速运行模式,C
415,软启动器启动完成后，旁路接触器刚动作就跳闸。故障原因可能是(　)。,启动参数不合适,晶闸管模块故障,启动控制方式不当,旁路接触器与软启动器的接线相序不一致。,D
416,软启动器旁路接触器必须与软启动器的输入和输出端一一对应接正确，(　)。,要就近安装接线,允许变换相序,不允许变换相序,要做好标识,C
417,在企业的经营活动中，下列选项中的(　)不是职业道德功能的表现。,激励作用,决策能力,规范行为,遵纪守法,B
418,下列选项中属于企业文化功能的是(　)。,整合功能,技术培训功能,科学研究功能,社交功能,A
419,下列说法中，不符合语言规范具体要求的是(　)。,语感自然，不呆板,用尊称，不用忌语,语速适中，不快不慢,多使用幽默语言，调节气氛,D
420,要做到办事公道，在处理公私关系时，要(　)。,公私不分,假公济私,公平公正,先公后私,C
421,下列关于勤劳节俭的论述中，正确的选项是(　)。,勤劳一定能使人致富,勤劳节俭有利于企业持续发展,新时代需要巧干，不需要勤劳,新时代需要创造，不需要节俭,B
422,企业创新要求员工努力做到(　)。,不能墨守成规，但也不能标新立异,大胆地破除现有的结论，自创理论体系,大胆地试大胆地闯，敢于提出新问题,激发人的灵感，遏制冲动和情感,C
423,职业纪律是从事这一职业的员工应该共同遵守的行为准则，它包括的内容有(　)。,交往规则,操作程序,群众观念,外事纪律,D
424,作为一名工作认真负责的员工，应该是(　)。,领导说什么就做什么,领导亲自安排的工作认真做，其他工作可以马虎一点,面上的工作要做仔细一些，看不到的工作可以快一些,工作不分大小，都要认真去做,D
425,伏安法测电阻是根据(　)来算出数值。,欧姆定律,直接测量法,焦耳定律,基尔霍夫定律,A
426,电位是相对量，随参考点的改变而改变，而电压是(　)，不随参考点的改变而改变。,衡量,变量,绝对量,相对量,C
427,电流流过电动机时，电动机将电能转换成(　)。,机械能,热能,光能,其他形式的能,A
428,支路电流法是以支路电流为变量列写节点电流方程及(　)方程。,回路电压,电路功率,电路电流,回路电位,A
429,按照功率表的工作原理，所测得的数据是被测电路中的(　)。,有功功率,无功功率,视在功率,瞬时功率,A
430,三相对称电路的线电压比对应相电压(　)。,超前30°,超前60,滞后30°,滞后60°,A
431,变压器的基本作用是在交流电路中变电压、(　)、变阻抗、变相位和电气隔离。,变磁通,变电流,变功率,变频率,B
432,三相异步电动机的优点是(　)。,调速性能好,交直流两用,功率因数高,结构简单,D
433,如图所示为(　)符号。,开关二极管,整流二极管,稳压二极管,变容二极管,D
434,处于截止状态的三极管，其工作状态为(　)。,射结正偏，集电结反偏,射结反偏，集电结反偏,射结正偏，集电结正偏,射结反偏，集电结正偏,B
435,测量交流电压时应选用(　)电压表。,磁电系,电磁系,电磁系或电动系,整流系,C
436,使用兆欧表时，下列做法不正确的是(　)。,测量电气设备绝缘电阻时，可以带电测量电阻,测量时兆欧表应放在水平位置上，未接线前先转动兆欧表做开路实验，看指针是否在“∞”处，再把L和E短接，轻摇发电机，看指针是否为“0”，若开路指“∞”，短路指“0”，说明兆欧表是好的,兆欧表测完后应立即使被测物放电,测量时，摇动手柄的速度由慢逐渐加快，并保持120r/min左右的转速1min左右，这时读数较为准确,A
437,用螺丝刀拧紧可能带电的螺钉时，手指应该(　)螺丝刀的金属部分。,接触,压住,抓住,不接触,D
438,软磁材料的主要分类有(　)、金属软磁材料、其它软磁材料。,不锈钢,铜合金,铁氧体软磁材料,铝合金,C
439,当流过人体的电流达到(　)时，就足以使人死亡。,0.1mA,10mA,20mA,100mA,D
440,使用不导电的灭火器材，喷头与带电体电压10KV时，机体喷嘴距带电体的距离要大于(　)。,1m,0.4m,0.6m,2m,B
441,(　)适用于狭长平面以及加工余量不大时的锉削。,顺向锉,交叉锉,推锉,曲面锉削,C
442,收音机发出的交流声属于(　)。,机械噪声,气体动力噪声,电磁噪声,电力噪声,C
443,对于电动机负载，熔断器熔体的额定电流应选电动机额定电流的(　)倍。,1～1.5,1.5～2.5,2.0～3.0,2.5～3.5,B
444,对于一般工作条件下的异步电动机，所用热继电器热元件的额定电流可选为电动机额定电流的(　)倍。,0.95～1.05,0.85～0.95,1.05～1.15,1.15～1.50,A
445,行程开关根据安装环境选择防护方式，如开启式或(　)。,防火式,塑壳式,防护式,铁壳式,C
446,用于指示电动机正处在停止状态的指示灯颜色应选用(　)。,紫色,蓝色,红色,绿色,C
447,JBK系列控制变压器适用于机械设备一般电器的控制、工作照明、(　)的电源之用。,电动机,信号灯,油泵,压缩机,B
448,控制两台电动机错时停止的场合，可采用(　)时间继电器。,通电延时型,断电延时型,气动型,液压型,B
449,直流电动机结构复杂、价格贵、制造麻烦、维护困难，但是(　)、调速范围大。,启动性能差,启动性能好,启动电流小,启动转矩小,B
450,并励直流电动机的励磁绕组与(　)并联。,电枢绕组,换向绕组,补偿绕组,稳定绕组,A
451,直流电动机常用的启动方法有：(　)、降压启动等。,弱磁启动,Y-△启动,电枢串电阻启动,变频启动,C
452,直流电动机电枢串电阻调速时，转速只能从额定转速(　)。,升高一倍,开始反转,往上升,往下降,D
453,直流电动机的各种制动方法中，能向电源反送电能的方法是(　)。,反接制动,抱闸制动,能耗制动,回馈制动,D
454,直流电动机只将励磁绕组两头反接时，电动机的(　)。,转速下降,转速上升,转向反转,转向不变,C
455,下列故障原因中(　)会造成直流电动机不能启动。,电源电压过高,电源电压过低,电刷架位置不对,励磁回路电阻过大,B
456,绕线式异步电动机转子串电阻启动时，随着(　)，要逐渐减小电阻。,电流的增大,转差率的增大,转速的升高,转速的降低,C
457,绕线式异步电动机转子串三级电阻启动时，可用(　)实现自动控制。,速度继电器,压力继电器,时间继电器,电压继电器,C
458,以下属于多台电动机顺序控制的线路是(　)。,Y-△启动控制线路,一台电动机正转时不能立即反转的控制线路,一台电动机启动后另一台电动机才能启动的控制线路,两处都能控制电动机启动和停止的控制线路,C
459,多台电动机的顺序控制线路(　)。,既包括顺序启动，又包括顺序停止,不包括顺序停止,不包括顺序启动,通过自锁环节来实现,A
460,三相异步电动机的位置控制电路中，除了用行程开关外，还可用(　)。,断路器,速度继电器,热继电器,光电传感器,D
461,三相异步电动机能耗制动时，机械能转换为电能并消耗在(　)回路的电阻上。,励磁,控制,定子,转子,D
462,三相异步电动机能耗制动的控制线路至少需要(　)个按钮。,2,1,4,3,A
463,三相异步电动机反接制动，转速接近零时要立即断开电源，否则电动机会(　)。,飞车,反转,短路,烧坏,B
464,三相异步电动机电源反接制动的过程可用(　)来控制。,电压继电器,电流继电器,时间继电器,速度继电器,D
465,三相异步电动机再生制动时，将机械能转换为电能，回馈到(　)。,负载,转子绕组,定子绕组,电网,D
466,同步电动机采用异步启动法启动时，转子励磁绕组应该(　)。,接到规定的直流电源,串入一定的电阻后短接,开路,短路,B
467,M7130平面磨床控制电路中串接着转换开关QS2的常开触点和(　)。,欠电流继电器KUC的常开触点,欠电流继电器KUC的常闭触点,过电流继电器KUC的常开触点,过电流继电器KUC的常闭触点,A
468,M7130平面磨床控制线路中导线截面最细的是(　)。,连接砂轮电动机M1的导线,连接电源开关QS1的导线,连接电磁吸盘YH的导线,连接冷却泵电动机M2的导线,C
469,M7130平面磨床中，砂轮电动机和液压泵电动机都采用了接触器(　)控制电路。,自锁反转,自锁正转,互锁正转,互锁反转,B
470,M7130平面磨床中，电磁吸盘YH工作后砂轮和(　)才能进行磨削加工。,照明变压器,加热器,工作台,照明灯,C
471,M7130平面磨床中三台电动机都不能启动，电源开关QS1和各熔断器正常，转换开关QS2和欠电流继电器KUC也正常，则需要检查修复(　)。,照明变压器T2,热继电器,接插器X1,接插器X2,B
472,C6150车床主轴电动机通过(　)控制正反转。,手柄,接触器,断路器,热继电器,B
473,C6150车床控制电路中有(　)行程开关。,3个,4个,5个,6个,D
474,C6150车床主轴电动机正转、电磁离合器YC1通电时，主轴的转向为(　)。,正转,反转,高速,低速,B
475,C6150车床(　)的正反转控制线路具有中间继电器互锁功能。,冷却液电动机,主轴电动机,快速移动电动机,主轴,D
476,C6150车床控制电路无法工作的原因是(　)。,接触器KM1损坏,控制变压器TC损坏,接触器KM2损坏,三位置自动复位开关SA1损坏,B
477,C6150车床其他正常，而主轴无制动时，应重点检修(　)。,电源进线开关,接触器KM1和KM2的常闭触点,控制变压器TC,中间继电器KA1和KA2的常闭触点,D
478,Z3040摇臂钻床主电路中的四台电动机，有(　)台电动机需要正反转控制。,2,3,4,1,A
479,Z3040摇臂钻床的冷却泵电动机由(　)控制。,接插器,接触器,按钮点动,手动开关,D
480,Z3040摇臂钻床中的控制变压器比较重，所以应该安装在配电板的(　)。,下方,上方,右方,左方,A
481,Z3040摇臂钻床中的摇臂升降电动机，(　)。,由接触器KM1控制单向旋转,由接触器KM2和KM3控制点动正反转,由接触器KM2控制点动工作,由接触器KM1和KM2控制自动往返工作,B
482,Z3040摇臂钻床中液压泵电动机的正反转具有(　)功能。,接触器互锁,双重互锁,按钮互锁,电磁阀互锁,A
483,Z3040摇臂钻床中摇臂不能夹紧的可能原因是(　)。,行程开关SQ2安装位置不当,时间继电器定时不合适,主轴电动机故障,液压系统故障,D
484,Z3040摇臂钻床中摇臂不能升降的原因是摇臂松开后KM2回路不通时，应(　)。,调整行程开关SQ2位置,重接电源相序,更换液压泵,调整速度继电器位置,A
485,光电开关按结构可分为(　)、放大器内藏型和电源内藏型三类。,放大器组合型,放大器分离型,电源分离型,放大器集成型,B
486,光电开关的接收器根据所接收到的光线强弱对目标物体实现探测，产生(　)。,开关信号,压力信号,警示信号,频率信号,A
487,下列(　)场所，有可能造成光电开关的误动作，应尽量避开。,办公室,高层建筑,气压低,灰尘较多,D
488,高频振荡电感型接近开关主要由感应头、振荡器、开关器、(　)等组成。,输出电路,继电器,发光二极管,光电三极管,A
489,高频振荡电感型接近开关的感应头附近有金属物体接近时，接近开关(　)。,涡流损耗减少,无信号输出,振荡电路工作,振荡减弱或停止,D
490,接近开关的图形符号中有一个(　)。,长方形,平行四边形,菱形,正方形,C
491,磁性开关可以由(　)构成。,接触器和按钮,二极管和电磁铁,三极管和永久磁铁,永久磁铁和干簧管,D
492,磁性开关干簧管内两个铁质弹性簧片的接通与断开是由(　)控制的。,温度,压力,永久磁铁,电磁铁,C
493,磁性开关的图形符号中，其菱形部分与常开触点部分用(　)相连。,虚线,实线,双虚线,双实线,A
494,磁性开关用于(　)场所时应选金属材质的器件。,化工企业,真空低压,强酸强碱,高温高压,D
495,增量式光电编码器主要由光源、(　)、检测光栅、光电检测器件和转换电路组成。,光电三极管,运算放大器,码盘,脉冲发生器,C
496,增量式光电编码器每产生一个输出脉冲信号就对应于一个(　)。,增量转速,增量位移,角度,速度,B
497,可以根据增量式光电编码器单位时间内的脉冲数量测出(　)。,相对位置,绝对位置,轴加速度,旋转速度,D
498,增量式光电编码器用于精度要求不高的测量时要选用旋转一周对应(　)的器件。,电流较大,电压较高,脉冲数较少,脉冲数较多,C
499,可编程序控制器的特点是(　)。,不需要大量的活动部件和电子元件，接线大大减少，维修简单，性能可靠,统计运算、计时、计数采用了一系列可靠性设计,数字运算、计时编程简单，操作方便，维修容易，不易发生操作失误,以上都是,D
500,可编程序控制器通过编程，灵活地改变其控制程序，相当于改变了继电器控制的(　)。,主电路,自锁电路,互锁电路,控制电路,D
501,可编程序控制器采用可以编制程序的存储器，用来在其内部存储执行逻辑运算、(　)和算术运算等操作指令。,控制运算、计数,统计运算、计时、计数,数字运算、计时,顺序控制、计时、计数,D
502,FX2N系列可编程序控制器计数器用(　)表示。,X,Y,T,C,D
503,可编程序控制器通过编程可以灵活地改变(　)，实现改变常规电气控制电路的目的。,主电路,硬接线,控制电路,控制程序,D
504,FX2N系列可编程序控制器光电耦合器有效输入电平形式是(　)。,高电平,低电平,高电平或低电平,以上都是,B
505,可编程控制器在RUN模式下，执行顺序是(　)。,输入采样→执行用户程序→输出刷新,执行用户程序→输入采样→输出刷新,输入采样→输出刷新→执行用户程序,以上都不对,A
506,PLC(　)阶段把逻辑解读的结果，通过输出部件输出给现场的受控元件。,输出采样,输入采样,程序执行,输出刷新,D
507,PLC在程序执行阶段，输入信号的改变会在(　)扫描周期读入。,下一个,当前,下两个,下三个,B
508,FX2N可编程序控制器如果是晶体管输出型，可以(　)。,驱动大功率直流负载,直接驱动交流指示灯,驱动额定电流下的交流负载,输出高速脉冲,D
509,FX2N-40MR可编程序控制器，表示F系列(　)。,基本单元,扩展单元,单元类型,输出类型,A
510,FX2N系列可编程序控制器中回路并联连接用(　)指令。,AND,ANI,ANB,ORB,D
511,(　)是可编程序控制器使用较广的编程方式。,功能表图,梯形图,位置图,逻辑图,B
512,对于简单的PLC梯形图设计时，一般采用(　)。,子程序,顺序控制设计法,经验法,中断程序,C
513,FX2NPLC的通信口是(　)模式。,RS232,RS485,RS422,USB,C
514,PLC编程软件通过计算机，可以对PLC实施(　)。,编程,运行控制,监控,以上都是,D
515,将程序写入可编程序控制器时，首先将存储器清零，然后按操作说明写入(　)，结束时用结束指令。,地址,程序,指令,序号,B
516,对于晶体管输出型可编程序控制器其所带负载只能是额定(　)电源供电。,交流,直流,交流或直流,高压直流,B
517,可编程序控制器的接地线截面一般大于(　)。,1mm2,1.5mm2,2mm2,2.5mm2,C
518,PLC外部环境检查时，当湿度过大时应考虑装(　)。,风扇,加热器,空调,除尘器,C
519,根据电机正反转梯形图，下列指令正确的是(　)。,ORIY002,LDIX001,ANDX000,ANDIX002,D
520,根据电动机顺序启动梯形图，下列指令正确的是(　)。,LDIX000,ANDT20,ANDX001,OUTT20K30,D
521,FX编程器的显示内容包括地址、数据、工作方式、(　)情况和系统工作状态等。,位移储存器,参数,程序,指令执行,D
522,检查电源电压波动范围是否在PLC系统允许的范围内。否则要加(　)。,直流稳压器,交流稳压器,UPS电源,交流调压器,B
523,变频器中的电压型逆变器的直流输入端大多(　)。,并联大电容,串联大电感,串联大电容,并联大电感,A
524,FR-A700系列是三菱(　)变频器。,多功能高性能,经济型高性能,水泵和风机专用型,节能型轻负载,A
525,(　)方式是适用于变频器停机状态时电动机有正转或反转现象的小惯性负载，对于高速运转大惯性负载则不适合。,先制动再启动,从启动频率启动,转速跟踪再启动,先启动再制动,A
526,(　)是变频器对电动机进行恒功率控制和恒转矩控制的分界线，应按电动机的额定频率设定。,基本频率,最高频率,最低频率,上限频率,A
527,在变频器的几种控制方式中，其动态性能比较的结论是：(　)。,转差型矢量控制系统优于无速度检测器的矢量控制系统,U/f控制优于转差频率控制,转差频率控制优于矢量控制,无速度检测器的矢量控制系统优于转差型矢量控制系统,A
528,变频器的干扰有：电源干扰、地线干扰、串扰、公共阻抗干扰等。尽量缩短电源线和地线是竭力避免(　)。,电源干扰,地线干扰,串扰,公共阻抗干扰,D
529,西门子MM440变频器可通过USS串行接口来控制其启动、停止（命令信号源）及(　)。,频率输出大小,电机参数,直流制动电流,制动起始频率,A
530,变频器的控制电缆布线应尽可能远离供电电源线，(　)。,用平行电缆且单独走线槽,用屏蔽电缆且汇入走线槽,用屏蔽电缆且单独走线槽,用双绞线且汇入走线槽,C
531,变频器有时出现轻载时过电流保护，原因可能是(　)。,变频器选配不当,U/f比值过小,变频器电路故障,U/f比值过大,D
532,西普STR系列(　)软启动器，是内置旁路、集成型。,A型,B型,C型,L型,A
533,就交流电动机各种启动方式的主要技术指标来看，性能最佳的是(　)。,串电感启动,串电阻启动,软启动,变频启动,D
534,软启动器在(　)下，一台软启动器才有可能启动多台电动机。,跨越运行模式,节能运行模式,接触器旁路运行模式,调压调速运行模式,C
535,软启动器的(　)功能用于防止离心泵停车时的“水锤效应”。,软停机,非线性软制动,自由停机,直流制动,A
536,软启动器启动完成后，旁路接触器刚动作就跳闸。故障原因可能是(　)。,启动参数不合适,晶闸管模块故障,启动控制方式不当,旁路接触器与软启动器的接线相序不一致。,D
537,软启动器内部发热主要来自晶闸管组件，通常晶闸管散热器的温度要求不高于(　)。,120?℃,100?℃,60?℃,75?℃,D
538,在市场经济条件下，职业道德具有(　)的社会功能。,鼓励人们自由选择职业,遏制牟利最大化,促进人们的行为规范化,最大限度地克服人们受利益驱动,C
539,市场经济条件下，职业道德最终将对企业起到(　)的作用。,决策科学化,提高竞争力,决定经济效益,决定前途与命运,B
540,下列选项中属于企业文化功能的是(　)。,整合功能,技术培训功能,科学研究功能,社交功能,A
541,(　)是企业诚实守信的内在要求。,维护企业信誉,增加职工福利,注重经济效益,开展员工培训,A
542,下列关于勤劳节俭的论述中，正确的选项是(　)。,勤劳一定能使人致富,勤劳节俭有利于企业持续发展,新时代需要巧干，不需要勤劳,新时代需要创造，不需要节俭,B
543,企业创新要求员工努力做到(　)。,不能墨守成规，但也不能标新立异,大胆地破除现有的结论，自创理论体系,大胆地试大胆地闯，敢于提出新问题,激发人的灵感，遏制冲动和情感,C
544,作为一名工作认真负责的员工，应该是(　)。,领导说什么就做什么,领导亲自安排的工作认真做，其他工作可以马虎一点,面上的工作要做仔细一些，看不到的工作可以快一些,工作不分大小，都要认真去做,D
545,在日常工作中，对待不同对象，态度应真诚热情、(　)。,尊卑有别,女士优先,一视同仁,外宾优先,C
546,一般电路由(　)、负载和中间环节三个基本部分组成。,电线,电压,电流,电源,D
547,如图所示，IS=5A，当US单独作用时，I1=3A，当IS和US共同作用时I1为(　)。,2A,1A,0A,3A,B
548,正弦量有效值与最大值之间的关系，正确的是(　)。,E=Em/,U=Um/2,Iav=2/π*Em,Eav=Em/2,A
549,按照功率表的工作原理，所测得的数据是被测电路中的(　)。,有功功率,无功功率,视在功率,瞬时功率,A
550,一台电动机绕组是星形联结，接到线电压为380V的三相电源上，测得线电流为10A，则电动机每相绕组的阻抗值为(　)Ω。,38,22,66,11,B
551,三相异步电动机的优点是(　)。,调速性能好,交直流两用,功率因数高,结构简单,D
552,行程开关的文字符号是(　)。,QS,SQ,SA,KM,B
553,热继电器的作用是(　)。,短路保护,过载保护,失压保护,零压保护,B
554,三相异步电动机的启停控制线路由电源开关、熔断器、(　)、热继电器、按钮等组成。,时间继电器,速度继电器,交流接触器,漏电保护器,C
555,"(　)以电气原理图,安装接线图和平面布置图最为重要。",电工,操作者,技术人员,维修电工,D
556,点接触型二极管可工作于(　)电路。,高频,低频,中频,全频,A
557,当二极管外加电压时，反向电流很小，且不随(　)变化。,正向电流,正向电压,电压,反向电压,D
558,如图所示，为(　)三极管图形符号。,放大,发光,光电,开关,C
559,单相桥式整流电路的变压器二次侧电压为20伏，每个整流二极管所承受的最大反向电压为(　)。,20V,28.28V,40V,56.56V,B
560,扳手的手柄越长，使用起来越(　)。,省力,费力,方便,便宜,A
561,软磁材料的主要分类有(　)、金属软磁材料、其它软磁材料。,不锈钢,铜合金,铁氧体软磁材料,铝合金,C
562,变压器的铁心应该选用(　)。,永久磁铁,永磁材料,硬磁材料,软磁材料,D
563,危险环境下使用的手持电动工具的安全电压为(　)。,9V,12V,24V,36V,D
564,对于每个职工来说，质量管理的主要内容有岗位的质量要求、(　)、质量保证措施和质量责任等。,信息反馈,质量水平,质量记录,质量目标,D
565,根据劳动法的有关规定，(　)，劳动者可以随时通知用人单位解除劳动合同。,在试用期间被证明不符合录用条件的,严重违反劳动纪律或用人单位规章制度的,严重失职、营私舞弊，对用人单位利益造成重大损害的,用人单位以暴力、威胁或者非法限制人身自由的手段强迫劳动的,D
566,直流单臂电桥接入被测量电阻时，连接导线应(　)。,细、长,细、短,粗、短,粗、长,C
567,直流双臂电桥达到平衡时，被测电阻值为(　)。,倍率读数与可调电阻相乘,倍率读数与桥臂电阻相乘,桥臂电阻与固定电阻相乘,桥臂电阻与可调电阻相乘,A
568,直流单臂电桥测量小值电阻时，不能排除(　)，而直流双臂电桥则可以。,接线电阻及接触电阻,接线电阻及桥臂电阻,桥臂电阻及接触电阻,桥臂电阻及导线电阻,A
569,信号发生器输出CMOS电平为(　)伏。,3～15,3,5,15,A
570,低频信号发生器的频率范围为(　)。,20HZ~200KHZ,100HZ~1000KHZ,200HZ~2000KHZ,10HZ~2000KHZ,A
571,表示数字万用表抗干扰能力的共模抑制比可达(　)。,80～120dB,80dB,120dB,40～60dB,A
572,高品质、高性能的示波器一般适合(　)使用。,实验,演示,研发,一般测试,C
573,晶体管毫伏表测试频率范围一般为(　)。,5Hz～20MHz,1KHz～10MHz,500Hz～20MHz,100Hz～10MHz,A
574,三端集成稳压电路78L06，允许的输出电流最大值为(　)A。,1,0.1,1.5,0.01,B
575,符合有“0”得“1”，全“1”得“0”的逻辑关系的逻辑门是(　)。,或门,与门,非门,与非门,D
576,普通晶闸管属于(　)器件。,不控,半控,全控,自控,B
577,单结晶体管的结构中有(　)个电极。,4,3,2,1,B
578,集成运放的输出级通常由(　)构成。,共射放大电路,共集电极放大电路,共基极放大电路,互补对称射极放大电路,D
579,固定偏置共射极放大电路，已知RB=300KΩ，RC=4KΩ，Vcc=12V，β=50，则IBQ为(　)。,40μA,30μA,40mA,10μA,A
580,放大电路的静态工作点的偏低易导致信号波形出现(　)失真。,截止,饱和,交越,非线性,A
581,共集电极放大电路具有(　)放大作用。,电流,电压,功率,没有,A
582,具有电压放大且输入输出信号同相的电路是(　)。,共射极放大电路,共集电极放大电路,共基极放大电路,差动放大电路,C
583,要稳定输出电流，增大电路输入电阻应选用(　)负反馈。,电压串联,电压并联,电流串联,电流并联,C
584,差动放大电路能放大(　)。,直流信号,交流信号,共模信号,差模信号,D
585,下列不是集成运放的非线性应用的是(　)。,过零比较器,滞回比较器,积分应用,比较器,C
586,音频集成功率放大器的电源电压一般为(　)伏。,5,10,5～8,6,C
587,RC选频振荡电路，能产生电路振荡的放大电路的放大倍数至少为(　)。,10,3,5,20,B
588,LC选频振荡电路，当电路频率小于谐振频率时，电路性质为(　)。,电阻性,感性,容性,纯电容性,B
589,CW7806的输出电压、最大输出电流为(　)伏。,6V、1.5A,6V、1A,6V、0.5A,6V、0.1A,A
590,下列不属于基本逻辑门电路的是(　)。,与门,或门,非门,与非门,D
591,单相桥式可控整流电路电感性负载带续流二极管时，晶闸管的导通角为(　)。,180°-α,90°-α,90°+α,180°+α,A
592,单相桥式可控整流电路电阻性负载，晶闸管中的电流平均值是负载的(　)倍。,0.5,1,2,0.25,A
593,单结晶体管触发电路的同步电压信号来自(　)。,负载两端,晶闸管,整流电源,脉冲变压器,C
594,晶闸管电路中串入快速熔断器的目的是(　)。,过压保护,过流保护,过热保护,过冷保护,B
595,熔断器的额定分断能力必须大于电路中可能出现的最大(　)。,短路电流,工作电流,过载电流,启动电流,A
596,断路器中过电流脱扣器的额定电流应该大于等于线路的(　)。,最大允许电流,最大过载电流,最大负载电流,最大短路电流,C
597,接触器的额定电流应不小于被控电路的(　)。,额定电流,负载电流,最大电流,峰值电流,A
598,中间继电器的选用依据是控制电路的(　)、电流类型、所需触点的数量和容量等。,短路电流,电压等级,阻抗大小,绝缘等级,B
599,根据机械与行程开关传力和位移关系选择合适的(　)。,电流类型,电压等级,接线型式,头部型式,D
600,选用LED指示灯的优点之一是(　)。,发光强,用电省,价格低,颜色多,B
601,BK系列控制变压器适用于机械设备中一般电器的(　)、局部照明及指示电源。,电动机,油泵,控制电源,压缩机,C
602,压力继电器选用时首先要考虑所测对象的压力范围，还要符合电路中的额定电压，D)，所测管路接口管径的大小。,触点的功率因数,触点的电阻率,触点的绝缘等级,触点的电流容量,D
603,直流电动机的定子由机座、(　)、换向极、电刷装置、端盖等组成。,主磁极,转子,电枢,换向器,A
604,直流电动机按照励磁方式可分他励、(　)、串励和复励四类。,电励,并励,激励,自励,B
605,直流电动机的直接启动电流可达额定电流的(　)倍。,10~20,20~40,5~10,1~5,A
606,直流电动机降低电枢电压调速时，属于(　)调速方式。,恒转矩,恒功率,通风机,泵类,A
607,直流电动机的各种制动方法中，能向电源反送电能的方法是(　)。,反接制动,抱闸制动,能耗制动,回馈制动,D
608,直流串励电动机需要反转时，一般将(　)两头反接。,励磁绕组,电枢绕组,补偿绕组,换向绕组,A
609,直流电动机由于换向器表面有油污导致电刷下火花过大时，应(　)。,更换电刷,重新精车,清洁换向器表面,对换向器进行研磨,C
610,绕线式异步电动机转子串频敏变阻器启动时，随着转速的升高，(　)自动减小。,频敏变阻器的等效电压,频敏变阻器的等效电流,频敏变阻器的等效功率,频敏变阻器的等效阻抗,D
611,绕线式异步电动机转子串三级电阻启动时，可用(　)实现自动控制。,压力继电器,速度继电器,电压继电器,电流继电器,D
612,以下属于多台电动机顺序控制的线路是(　)。,Y-△启动控制线路,一台电动机正转时不能立即反转的控制线路,一台电动机启动后另一台电动机才能启动的控制线路,两处都能控制电动机启动和停止的控制线路,C
613,多台电动机的顺序控制线路(　)。,既包括顺序启动，又包括顺序停止,不包括顺序停止,不包括顺序启动,通过自锁环节来实现,A
614,三相异步电动机的位置控制电路中，除了用行程开关外，还可用(　)。,断路器,速度继电器,热继电器,光电传感器,D
615,下列不属于位置控制线路的是(　)。,走廊照明灯的两处控制电路,龙门刨床的自动往返控制电路,电梯的开关门电路,工厂车间里行车的终点保护电路,A
616,三相异步电动机能耗制动时，机械能转换为电能并消耗在(　)回路的电阻上。,励磁,控制,定子,转子,D
617,三相异步电动机能耗制动的控制线路至少需要(　)个接触器。,1,2,3,4,B
618,三相异步电动机反接制动时，(　)绕组中通入相序相反的三相交流电。,补偿,励磁,定子,转子,C
619,三相异步电动机电源反接制动时需要在定子回路中串入(　)。,限流开关,限流电阻,限流二极管,限流三极管,B
620,三相异步电动机再生制动时，将机械能转换为电能，回馈到(　)。,负载,转子绕组,定子绕组,电网,D
621,同步电动机采用变频启动法启动时，转子励磁绕组应该(　)。,接到规定的直流电源,串入一定的电阻后短接,开路,短路,A
622,M7130平面磨床控制电路中串接着转换开关QS2的常开触点和(　)。,欠电流继电器KUC的常开触点,欠电流继电器KUC的常闭触点,过电流继电器KUC的常开触点,过电流继电器KUC的常闭触点,A
623,M7130平面磨床控制线路中整流变压器安装在配电板的(　)。,左方,右方,上方,下方,D
624,M7130平面磨床中，三台电动机启动的必要条件是(　)或欠电流继电器KUC的常开触点闭合。,照明灯开关SA,接插器X2,接插器X1,转换开关QS2,D
625,M7130平面磨床中，冷却泵电动机M2必须在(　)运行后才能启动。,照明变压器,伺服驱动器,液压泵电动机M3,砂轮电动机M1,D
626,M7130平面磨床中电磁吸盘吸力不足的原因之一是(　)。,电磁吸盘的线圈内有匝间短路,电磁吸盘的线圈内有开路点,整流变压器开路,整流变压器短路,A
627,C6150车床快速移动电动机通过(　)控制正反转。,三位置自动复位开关,两个交流接触器,两个低压断路器,三个热继电器,A
628,C6150车床控制线路中变压器安装在配电板的(　)。,左方,右方,上方,下方,D
629,C6150车床主轴电动机正转、电磁离合器YC1通电时，主轴的转向为(　)。,正转,反转,高速,低速,B
630,C6150车床控制电路中的中间继电器KA1和KA2常闭触点故障时会造成(　)。,主轴无制动,主轴电动机不能启动,润滑油泵电动机不能启动,冷却液电动机不能启动,A
631,C6150车床主电路有电，控制电路不能工作时，应首先检修(　)。,电源进线开关,接触器KM1或KM2,控制变压器TC,三位置自动复位开关SA1,C
632,Z3040摇臂钻床主电路中有四台电动机，用了(　)个接触器。,6,5,4,3,B
633,Z3040摇臂钻床主轴电动机由按钮和接触器构成的(　)控制电路来控制。,单向启动停止,正反转,点动,减压启动,A
634,Z3040摇臂钻床中主轴箱与立柱的夹紧和放松控制按钮安装在(　)。,摇臂上,主轴箱移动手轮上,主轴箱外壳,底座上,B
635,Z3040摇臂钻床中的摇臂升降电动机，(　)。,由接触器KM1控制单向旋转,由接触器KM2和KM3控制点动正反转,由接触器KM2控制点动工作,由接触器KM1和KM2控制自动往返工作,B
636,Z3040摇臂钻床中液压泵电动机的正反转具有(　)功能。,接触器互锁,双重互锁,按钮互锁,电磁阀互锁,A
637,光电开关的接收器根据所接收到的光线强弱对目标物体实现探测，产生(　)。,开关信号,压力信号,警示信号,频率信号,A
638,光电开关可以(　)、无损伤地迅速检测和控制各种固体、液体、透明体、黑体、柔软体、烟雾等物质的状态。,高亮度,小电流,非接触,电磁感应,C
639,当检测远距离的的物体时，应优先选用(　)光电开关。,光纤式,槽式,对射式,漫反射式,A
640,下列(　)场所，有可能造成光电开关的误动作，应尽量避开。,办公室,高层建筑,气压低,灰尘较多,D
641,高频振荡电感型接近开关主要由感应头、振荡器、(　)、输出电路等组成。,继电器,开关器,发光二极管,光电三极管,B
642,高频振荡电感型接近开关的感应头附近有金属物体接近时，接近开关(　)。,涡流损耗减少,振荡电路工作,有信号输出,无信号输出,C
643,当检测体为(　)时，应选用高频振荡型接近开关。,透明材料,不透明材料,金属材料,非金属材料,C
644,选用接近开关时应注意对工作电压、负载电流、响应频率、(　)等各项指标的要求。,检测距离,检测功率,检测电流,工作速度,A
645,磁性开关中干簧管的工作原理是(　)。,与霍尔元件一样,磁铁靠近接通，无磁断开,通电接通，无电断开,与电磁铁一样,B
646,磁性开关的图形符号中，其常开触点部分与(　)的符号相同。,断路器,一般开关,热继电器,时间继电器,B
647,磁性开关在使用时要注意(　)与干簧管之间的有效距离在10mm左右。,干簧管,磁铁,触点,外壳,B
648,增量式光电编码器每产生一个(　)就对应于一个增量位移。,输出脉冲信号,输出电流信号,输出电压信号,输出光脉冲,A
649,增量式光电编码器由于采用固定脉冲信号，因此旋转角度的起始位置(　)。,是出厂时设定的,可以任意设定,使用前设定后不能变,固定在码盘上,B
650,增量式光电编码器根据输出信号的可靠性选型时要考虑(　)。,电源频率,最大分辨速度,环境温度,空间高度,B
651,增量式光电编码器配线延长时，应在(　)以下。,1km,100m,1m,10m,D
652,可编程序控制器的特点是(　)。,不需要大量的活动部件和电子元件，接线大大减少，维修简单，性能可靠,统计运算、计时、计数采用了一系列可靠性设计,数字运算、计时编程简单，操作方便，维修容易，不易发生操作失误,以上都是,D
653,PLC的组成部分不包括(　)。,CPU,存储器,外部传感器,I/O口,C
654,FX2N系列可编程序控制器定时器用(　)表示。,X,Y,T,C,C
655,可编程序控制器通过编程可以灵活地改变(　)，实现改变常规电气控制电路的目的。,主电路,硬接线,控制电路,控制程序,D
656,可编程序控制器(　)中存放的随机数据掉电即丢失。,RAM,ROM,EEPROM,以上都是,A
657,可编程控制器在RUN模式下，执行顺序是(　)。,输入采样→执行用户程序→输出刷新,执行用户程序→输入采样→输出刷新,输入采样→输出刷新→执行用户程序,以上都不对,A
658,PLC(　)阶段根据读入的输入信号状态，解读用户程序逻辑，按用户逻辑得到正确的输出。,输出采样,输入采样,程序执行,输出刷新,C
659,PLC在程序执行阶段，输入信号的改变会在(　)扫描周期读入。,下一个,当前,下两个,下三个,B
660,继电器接触器控制电路中的计数器，在PLC控制中可以用(　)替代。,M,S,C,T,C
661,FX2N可编程序控制器DC输入型，可以直接接入(　)信号。,外部DC24V,4~20mA电流,AC24V,DC0~5V电压,A
662,FX2N可编程序控制器如果是晶体管输出型，可以(　)。,驱动大功率直流负载,直接驱动交流指示灯,驱动额定电流下的交流负载,输出高速脉冲,D
663,FX2N系列可编程序控制器中回路并联连接用(　)指令。,AND,ANI,ANB,ORB,D
664,在一个PLC程序中，同一地址号的线圈只能使用(　)次。,三,二,一,无限,C
665,PLC梯形图编程时，右端输出继电器的线圈能并联(　)个。,一,不限,,二,B
666,(　)是可编程序控制器使用较广的编程方式。,功能表图,梯形图,位置图,逻辑图,B
667,在FX2NPLC中，(　)是积算定时器。,T0,T100,T245,T255,D
668,对于小型开关量PLC梯形图程序，一般只有(　)。,初始化程序,子程序,中断程序,主程序,D
669,PLC程序检查包括(　)。,语法检查、线路检查、其他检查,代码检查、语法检查,控制线路检查、语法检查,主回路检查、语法检查,A
670,对于晶闸管输出型可编程序控制器其所带负载只能是额定(　)电源供电。,交流,直流,交流或直流,低压直流,A
671,可编程序控制器的接地线截面一般大于(　)。,1mm2,1.5mm2,2mm2,2.5mm2,C
672,为避免程序和(　)丢失，可编程序控制器装有锂电池，当锂电池电压降至相应的信号灯亮时，要及时更换电池。,地址,序号,指令,数据,D
673,根据电机正反转梯形图，下列指令正确的是(　)。,ORIY001,LDX000,ANDX001,ANDX002,B
674,根据电动机顺序启动梯形图，下列指令正确的是(　)。,ORIY001,ANDIT20,ANDX001,ANDX002,B
675,根据电动机自动往返梯形图，下列指令正确的是(　)。,LDIX000,ANDX001,OUTY002,ANDIX002,D
676,FX编程器的显示内容包括地址、数据、(　)、指令执行情况和系统工作状态等。,程序,参数,工作方式,位移储存器,C
677,对于晶闸管输出型PLC，要注意负载电源为(　)，并且不能超过额定值。,AC600V,AC220V,DC220V,DC24V,B
678,用于(　)变频调速的控制装置统称为“变频器”。,感应电动机,同步发电机,交流伺服电动机,直流电动机,A
679,交―交变频装置输出频率受限制，最高频率不超过电网频率的(　)，所以通常只适用于低速大功率拖动系统。,1月2日,3月4日,1月5日,2月3日,A
680,在通用变频器主电路中的电源整流器件较多采用(　)。,快恢复二极管,普通整流二极管,肖特基二极管,普通晶闸管,B
681,FR-A700系列是三菱(　)变频器。,多功能高性能,经济型高性能,水泵和风机专用型,节能型轻负载,A
682,(　)方式是适用于变频器停机状态时电动机有正转或反转现象的小惯性负载，对于高速运转大惯性负载则不适合。,先制动再启动,从启动频率启动,转速跟踪再启动,先启动再制动,A
683,(　)是变频器对电动机进行恒功率控制和恒转矩控制的分界线，应按电动机的额定频率设定。,基本频率,最高频率,最低频率,上限频率,A
684,在变频器的输出侧切勿安装(　)。,移相电容,交流电抗器,噪声滤波器,测试仪表,A
685,变频器中的直流制动是克服低速爬行现象而设置的，拖动负载惯性越大，(　)设定值越高。,直流制动电压,直流制动时间,直流制动电流,制动起始频率,A
686,变频器的控制电缆布线应尽可能远离供电电源线，(　)。,用平行电缆且单独走线槽,用屏蔽电缆且汇入走线槽,用屏蔽电缆且单独走线槽,用双绞线且汇入走线槽,C
687,变频器有时出现轻载时过电流保护，原因可能是(　)。,变频器选配不当,U/f比值过小,变频器电路故障,U/f比值过大,D
688,软启动器具有节能运行功能，在正常运行时，能依据负载比例自动调节输出电压，使电动机运行在最佳效率的工作区，最适合应用于(　)。,间歇性变化的负载,恒转矩负载,恒功率负载,泵类负载,A
689,软启动器中晶闸管调压电路采用(　)时，主电路中电流谐波最小。,三相全控Y连接,三相全控Y0连接,三相半控Y连接,星三角连接,A
690,用于标准电路正常启动设计的西门子软启动器型号是：(　)。,3RW30,3RW31,3RW22,3RW34,C
691,软启动器的启动转矩比变频启动方式(　)。,大,小,一样,大很多,B
692,软启动器的主电路采用(　)交流调压器，用连续地改变其输出电压来保证恒流启动。,晶闸管变频控制,晶闸管PWM控制,晶闸管相位控制,晶闸管周波控制,C
693,软启动器主电路中接三相异步电动机的端子是(　)。,C,X、Y、Z,U1、V1、W1,L1、L2、L3,C
694,软启动器启动完成后，旁路接触器刚动作就跳闸。故障原因可能是(　)。,启动参数不合适,晶闸管模块故障,启动控制方式不当,旁路接触器与软启动器的接线相序不一致。,D
695,凝露的干燥是为了防止因潮湿而降低软启动器的(　)，及其可能造成的危害。,使用效率,绝缘等级,散热效果,接触不良,C
696,在职业活动中，不符合待人热情要求的是(　)。,严肃待客，表情冷漠,主动服务，细致周到,微笑大方，不厌其烦,亲切友好，宾至如归,A
697,下列关于诚实守信的认识和判断中，正确的选项是(　)。,一贯地诚实守信是不明智的行为,诚实守信是维持市场经济秩序的基本法则,是否诚实守信要视具体对象而定,追求利益最大化原则高于诚实守信,B
698,下列关于勤劳节俭的论述中，不正确的选项是(　)。,企业可提倡勤劳，但不宜提倡节俭,“一分钟应看成是八分钟”,勤劳节俭符合可持续发展的要求,“节省一块钱，就等于净赚一块钱”,A
699,关于创新的正确论述是(　)。,不墨守成规，但也不可标新立异,企业经不起折腾，大胆地闯早晚会出问题,创新是企业发展的动力,创新需要灵感，但不需要情感,C
700,在日常工作中，对待不同对象，态度应真诚热情、(　)。,尊卑有别,女士优先,一视同仁,外宾优先,C
701,下面说法中不正确的是(　)。,下班后不要穿工作服,不穿奇装异服上班,上班时要按规定穿整洁的工作服,女职工的工作服越艳丽越好,D
702,绝缘材料的电阻受(　)、水份、灰尘等影响较大。,温度,干燥,材料,电源,A
703,电功的常用实用的单位有(　)。,焦耳,伏安,度,瓦,C
704,在(　)，磁力线由S极指向N极。,磁场外部,磁体内部,磁场两端,磁场一端到另一端,B
705,铁磁性质在反复磁化过程中的B-H关系是(　)。,起始磁化曲线,磁滞回线,基本磁化曲线,局部磁滞回线,B
706,当线圈中的磁通增加时，感应电流产生的磁通与原磁通方向(　)。,正比,反比,相反,相同,C
707,RLC串联电路在f0时发生谐振，当频率增加到2f0时，电路性质呈(　)。,电阻性,电感性,电容性,不定,B
708,按照功率表的工作原理，所测得的数据是被测电路中的(　)。,有功功率,无功功率,视在功率,瞬时功率,A
709,变压器的器身主要由(　)和绕组两部分所组成。,定子,转子,磁通,铁心,D
710,如图所示为(　)符号。,开关二极管,整流二极管,稳压二极管,变容二极管,D
711,处于截止状态的三极管，其工作状态为(　)。,射结正偏，集电结反偏,射结反偏，集电结反偏,射结正偏，集电结正偏,射结反偏，集电结正偏,B
712,如图所示，为(　)三极管图形符号。,放大,发光,光电,开关,C
713,如图所示，该电路的反馈类型为(　)。,电压串联负反馈,电压并联负反馈,电流串联负反馈,电流并联负反馈,D
714,测量电压时应将电压表(　)电路。,串联接入,并联接入,并联接入或串联接入,混联接入,B
715,使用万用表时，把电池装入电池夹内，把两根测试表棒分别插入插座中，(　)。,红的插入“＋”插孔，黑的插入“*”插孔内,黑的插入“＋”插孔，红的插入“*”插孔内,红的插入“＋”插孔，黑的插入“－”插孔内,红的插入“－”插孔，黑的插入“＋”插孔内,A
716,千分尺一般用于测量(　)的尺寸。,小器件,大器件,建筑物,电动机,A
717,绝缘导线是有(　)的导线。,潮湿,干燥,绝缘包皮,氧化层,C
718,各种绝缘材料的(　)的各种指标是抗张、抗压、抗弯、抗剪、抗撕、抗冲击等各种强度指标。,接绝缘电阻,击穿强度,机械强度,耐热性,C
719,劳动安全卫生管理制度对未成年工给予了特殊的劳动保护，规定严禁一切企业招收未满(　)的童工。,14周岁,15周岁,16周岁,18周岁,C
720,直流单臂电桥接入被测量电阻时，连接导线应(　)。,细、长,细、短,粗、短,粗、长,C
721,直流单臂电桥测量十几欧姆电阻时，比率应选为(　)。,0.001,0.01,0.1,1,B
722,直流双臂电桥达到平衡时，被测电阻值为(　)。,倍率读数与可调电阻相乘,倍率读数与桥臂电阻相乘,桥臂电阻与固定电阻相乘,桥臂电阻与可调电阻相乘,A
723,直流单臂电桥和直流双臂电桥的测量端数目分别为(　)。,2、4,4、2,2、3,3、2,A
724,信号发生器输出CMOS电平为(　)伏。,3～15,3,5,15,A
725,通常信号发生器按信号波形分类有(　)。,正弦波信号发生器,脉冲波信号发生器,方波信号发生器,以上都是,D
726,示波器的X轴通道对被测信号进行处理，然后加到示波管的(　)偏转板上。,水平,垂直,偏上,偏下,A
727,数字存储示波器的带宽最好是测试信号带宽的(　)倍。,3,4,6,5,D
728,晶体管毫伏表测试频率范围一般为(　)。,5Hz～20MHz,1KHz～10MHz,500Hz～20MHz,100Hz～10MHz,A
729,三端集成稳压电路78L06，允许的输出电流最大值为(　)A。,1,0.1,1.5,0.01,B
730,一般三端集成稳压电路工作时，要求输入电压比输出电压至少高(　)V。,2,3,4,1.5,A
731,TTL与非门电路高电平的产品典型值通常不低于(　)伏。,3,4,2,2.4,D
732,晶闸管型号KP20-8中的P表示(　)。,电流,压力,普通,频率,C
733,普通晶闸管边上P层的引出极是(　)。,漏极,阴极,门极,阳极,D
734,普通晶闸管的额定电压是用(　)表示的。,有效值,最大值,平均值,最小值,B
735,一只100A的双向晶闸管可以用两只(　)的普通晶闸管反并联来代替。,100A,90A,50A,45A,D
736,单结晶体管的结构中有(　)个PN结。,4,3,1,2,C
737,单结晶体管两个基极的文字符号是(　)。,C1、C2,D1、D2,E1、E2,B1、B2,D
738,理想集成运放输出电阻为(　)。,10Ω,100Ω,0,1KΩ,C
739,放大电路的静态工作点的偏低易导致信号波形出现(　)失真。,截止,饱和,交越,非线性,A
740,多级放大电路之间，常用共集电极放大电路，是利用其(　)特性。,输入电阻大、输出电阻大,输入电阻小、输出电阻大,输入电阻大、输出电阻小,输入电阻小、输出电阻小,C
741,共射极放大电路的输出电阻比共基极放大电路的输出电阻是(　)。,大,小,相等,不定,C
742,能用于传递交流信号且具有阻抗匹配的耦合方式是(　)。,阻容耦合,变压器耦合,直接耦合,电感耦合,B
743,要稳定输出电流，减小电路输入电阻应选用(　)负反馈。,电压串联,电压并联,电流串联,电流并联,D
744,(　)用于表示差动放大电路性能的高低。,电压放大倍数,功率,共模抑制比,输出电阻,C
745,下列不是集成运放的非线性应用的是(　)。,过零比较器,滞回比较器,积分应用,比较器,C
746,单片集成功率放大器件的功率通常在(　)瓦左右。,10,1,5,8,B
747,串联型稳压电路的调整管接成(　)电路形式。,共基极,共集电极,共射极,分压式共射极,B
748,CW78L05型三端集成稳压器件的输出电压及最大输出电流分别为(　)。,5V、1A,5V、0.1A,5V、0.5A,5V、1.5A,B
749,下列不属于组合逻辑门电路的是(　)。,与门,或非门,与非门,与或非门,A
750,单相半波可控整流电路电阻性负载，控制角α的移相范围是(　)。,0～45°,0～90°,0～180°,0～360°,C
751,单相半波可控整流电路的电源电压为220V，晶闸管的额定电压要留2倍裕量，则需选购(　)的晶闸管。,250V,300V,500V,700V,D
752,单相桥式可控整流电路电感性负载带续流二极管时，晶闸管的导通角为(　)。,180°-α,90°-α,90°+α,180°+α,A
753,单相桥式可控整流电路电阻性负载，晶闸管中的电流平均值是负载的(　)倍。,0.5,1,2,0.25,A
754,晶闸管电路中采用(　)的方法来防止电流尖峰。,串联小电容,并联小电容,串联小电感,并联小电感,C
755,晶闸管两端并联阻容吸收电路的目的是(　)。,防止电压尖峰,防止电流尖峰,产生触发脉冲,产生自感电动势,A
756,对于电动机负载，熔断器熔体的额定电流应选电动机额定电流的(　)倍。,1～1.5,1.5～2.5,2.0～3.0,2.5～3.5,B
757,控制和保护含半导体器件的直流电路中宜选用(　)断路器。,塑壳式,限流型,框架式,直流快速断路器,D
758,接触器的额定电流应不小于被控电路的(　)。,额定电流,负载电流,最大电流,峰值电流,A
759,对于△接法的异步电动机应选用(　)结构的热继电器。,四相,三相,两相,单相,B
760,中间继电器的选用依据是控制电路的电压等级、(　)、所需触点的数量和容量等。,电流类型,短路电流,阻抗大小,绝缘等级,A
761,电气控制线路中的启动按钮应选用(　)颜色。,绿,红,蓝,黑,A
762,BK系列控制变压器适用于机械设备中一般电器的(　)、局部照明及指示电源。,电动机,油泵,控制电源,压缩机,C
763,对于环境温度变化大的场合，不宜选用(　)时间继电器。,晶体管式,电动式,液压式,手动式,A
764,直流电动机的转子由电枢铁心、电枢绕组、(　)、转轴等组成。,接线盒,换向极,主磁极,换向器,D
765,直流电动机按照励磁方式可分他励、并励、(　)和复励四类。,电励,混励,串励,自励,C
766,直流电动机启动时，随着转速的上升，要(　)电枢回路的电阻。,先增大后减小,保持不变,逐渐增大,逐渐减小,D
767,直流电动机弱磁调速时，转速只能从额定转速(　)。,降低一倍,开始反转,往上升,往下降,C
768,直流电动机的各种制动方法中，能向电源反送电能的方法是(　)。,反接制动,抱闸制动,能耗制动,回馈制动,D
769,直流电动机转速不正常的故障原因主要有(　)等。,换向器表面有油污,接线错误,无励磁电流,励磁绕组接触不良,D
770,绕线式异步电动机转子串电阻启动时，随着(　)，要逐渐减小电阻。,电流的增大,转差率的增大,转速的升高,转速的降低,C
771,设计多台电动机顺序控制线路的目的是保证(　)和工作的安全可靠。,节约电能的要求,操作过程的合理性,降低噪声的要求,减小振动的要求,B
772,多台电动机的顺序控制线路(　)。,既包括顺序启动，又包括顺序停止,不包括顺序停止,不包括顺序启动,通过自锁环节来实现,A
773,三相异步电动机的位置控制电路中，除了用行程开关外，还可用(　)。,断路器,速度继电器,热继电器,光电传感器,D
774,下列不属于位置控制线路的是(　)。,走廊照明灯的两处控制电路,龙门刨床的自动往返控制电路,电梯的开关门电路,工厂车间里行车的终点保护电路,A
775,三相异步电动机采用(　)时，能量消耗小，制动平稳。,发电制动,回馈制动,能耗制动,反接制动,C
776,三相异步电动机能耗制动的控制线路至少需要(　)个接触器。,1,2,3,4,B
777,三相异步电动机的各种电气制动方法中，能量损耗最多的是(　)。,反接制动,能耗制动,回馈制动,再生制动,A
778,三相笼型异步电动机电源反接制动时需要在(　)中串入限流电阻。,直流回路,控制回路,定子回路,转子回路,C
779,三相异步电动机再生制动时，将机械能转换为电能，回馈到(　)。,负载,转子绕组,定子绕组,电网,D
780,同步电动机可采用的启动方法是(　)。,转子串频敏变阻器启动,转子串三级电阻启动,Y-△启动法,异步启动法,D
781,M7130平面磨床控制电路中串接着转换开关QS2的常开触点和(　)。,欠电流继电器KUC的常开触点,欠电流继电器KUC的常闭触点,过电流继电器KUC的常开触点,过电流继电器KUC的常闭触点,A
782,M7130平面磨床控制线路中整流变压器安装在配电板的(　)。,左方,右方,上方,下方,D
783,M7130平面磨床中，砂轮电动机和液压泵电动机都采用了(　)正转控制电路。,接触器自锁,按钮互锁,接触器互锁,时间继电器,A
784,M7130平面磨床中，冷却泵电动机M2必须在(　)运行后才能启动。,照明变压器,伺服驱动器,液压泵电动机M3,砂轮电动机M1,D
785,M7130平面磨床的三台电动机都不能启动的原因之一是(　)。,接插器X2损坏,接插器X1损坏,热继电器的常开触点断开,热继电器的常闭触点断开,D
786,C6150车床的4台电动机中，配线最粗的是(　)。,快速移动电动机,冷却液电动机,主轴电动机,润滑泵电动机,C
787,C6150车床(　)的正反转控制线路具有三位置自动复位开关的互锁功能。,冷却液电动机,主轴电动机,快速移动电动机,润滑油泵电动机,C
788,C6150车床控制电路中的中间继电器KA1和KA2常闭触点故障时会造成(　)。,主轴无制动,主轴电动机不能启动,润滑油泵电动机不能启动,冷却液电动机不能启动,A
789,C6150车床其他正常，而主轴无制动时，应重点检修(　)。,电源进线开关,接触器KM1和KM2的常闭触点,控制变压器TC,中间继电器KA1和KA2的常闭触点,D
790,Z3040摇臂钻床的冷却泵电动机由(　)控制。,接插器,接触器,按钮点动,手动开关,D
791,Z3040摇臂钻床中的控制变压器比较重，所以应该安装在配电板的(　)。,下方,上方,右方,左方,A
792,Z3040摇臂钻床中液压泵电动机的正反转具有(　)功能。,接触器互锁,双重互锁,按钮互锁,电磁阀互锁,A
793,Z3040摇臂钻床中摇臂不能夹紧的原因是液压系统压力不够时，应(　)。,调整行程开关SQ2位置,重接电源相序,更换液压泵,调整行程开关SQ3位置,C
794,交流笼型异步电动机的启动方式有：星三角启动、自耦减压启动、定子串电阻启动和软启动等。从启动性能上讲，最好的是(　)。,星三角启动,自耦减压启动,串电阻启动,软启动,D
795,低压软启动器的主电路通常采用(　)形式。,电阻调压,自耦调压,开关变压器调压,晶闸管调压,D
796,用于标准电路正常启动设计的西门子软启动器型号是：(　)。,3RW30,3RW31,3RW22,3RW34,C
797,按钮联锁正反转控制线路的优点是操作方便；缺点是容易产生电源两相短路事故。在实际工作中，经常采用按钮和接触器双重联锁(　)控制线路。,点动,自锁,顺序启动,正反转,D
798,用示波器测量脉冲信号时，在测量脉冲上升时间和下降时间时，根据定义应从脉冲幅度的10%和(　)处作为起始和终止的基准点。,20%,30%,50%,90%,D
799,X6132型万能铣床电动机的安装，一般采用起吊装置，先将电动机水平吊起至中心高度并与安装孔对正，再将电动机与(　)连接件啮合，对准电动机安装孔，旋紧螺栓，最后撤去起吊装置。,紧固,转动,轴承,齿轮,D
800,(　)的作用是实现能量的传输和转换、信号的传递和处理。,电源,非电能,电路,电能,C
801,根据导线共管敷设原则，下列各线路中不得共管敷设的是(　)。,有联锁关系的电力及控制回路,用电设备的信号和控制回路,同一照明方式的不同支线,事故照明线路,D
802,MGB1420型磨床工件无级变速直流拖动系统故障检修时，在观察稳压管的波形的同时，要注测量稳压管的电流是否在规定的稳压电流范围内。如过大或过小应调整(　)的阻值，使稳压管工作在稳压范围内。,R1,R2,R3,R4,B
803,MGB1420万能磨床的工件电动机的转速为(　)。,0～1100r/min,0～1900r/min,0～2300r/min,0～2500r/min,C
804,在MGB1420万能磨床的冷却泵电动机控制回路中，接通电源开关QS1后，220V交流控制电压通过开关SA2控制接触器(　)，从而控制液压、冷却泵电动机。,KM1,KM2,KM3,KM4,A
805,电气测量仪表的准确度等级一般不低于(　)。,0.1级,0.5级,1.5级,2.5级,D
806,X6132型万能铣床控制电路中，机床照明由照明变压器供给，照明灯本身(　)控制。,主电路,控制电路,开关,无专门,C
807,"检查波形绕组开路故障时,在六极电动机里，换向器上应有(　)烧毁的黑点。",两个,三个,四个,五个,B
808,在MGB1420万能磨床晶闸管直流调速系统控制回路的辅助环节中，由(　)、R36、R38组成电压负反馈电路。,R27,R29,R37,R19,B
809,电阻器反映(　)对电流起阻碍作用的大小。,电阻率,导体,长度,截面积,B
810,X6132型万能铣床工作台快速移动可提高工作效率，调试时，当按下(　)时，必须保证YC3动作的即时性和准确性。,SB2,SB3,SB4,SB5,D
811,正确阐述职业道德与人的事业的关系的选项是(　)。,没有职业道德的人不会获得成功,要取得事业的成功，前提条件是要有职业道德,事业成功的人往往并不需要较高的职业道德,职业道德是人获得事业成功的重要条件,D
812,X6132型万能铣床线路走线采用槽敷设法敷线时，应采用(　)。,塑料绝缘单心硬铜线,塑料绝缘软铜线,裸导线,护套线,B
813,X6132型万能铣床线路左、右侧配电箱控制板时，油漆干后，固定好(　)、热继电器、熔断器、变压器、整流电源和端子等。,电流继电器,接触器,中间继电器,时间继电器,B
814,(　)的工频电流通过人体时，就会有生命危险。,0.1mA,1mA,15mA,50mA,D
815,20／5t桥式起重机安装前应准备好常用仪表，主要包括(　)。,试电笔,直流双臂电桥,直流单臂电桥,500V兆欧表,D
816,用万用表直流电压挡测得晶体管三个管脚的对地电压分别是V1＝2V，V2＝6V，V3＝2.7V，由此可判断该晶体管的管型和三个管脚依次为(　)。,PNP管，CBE,NPN管，ECB,NPN管，CBE,PNP管，EBC,B
817,处于截止状态的三极管，其工作状态为(　)。,射结正偏，集电结反偏,射结反偏，集电结反偏,射结正偏，集电结正偏,射结反偏，集电结正偏,B
818,基极电流iB的数值较大时，易引起静态工作点Q接近(　)。,截止区,饱和区,死区,交越失真,B
819,如图所示，该电路的反馈类型为(　)。,电压串联负反馈,电压并联负反馈,电流串联负反馈,电流并联负反馈,D
820,单相桥式整流电路的变压器二次侧电压为20伏，每个整流二极管所承受的最大反向电压为(　)。,20V,28.28V,40V,56.56V,B
821,测量直流电流应选用(　)电流表。,磁电系,电磁系,电动系,整流系,A
822,测量直流电压时应注意电压表的(　)。,量程,极性,量程及极性,误差,C
823,套在钢丝钳（电工钳子）把手上的橡胶或塑料皮的作用是(　)。,保温,防潮,绝缘,降温,C
824,导线截面的选择通常是由(　)、机械强度、电流密度、电压损失和安全载流量等因素决定的。,磁通密度,绝缘强度,发热条件,电压高低,C
825,各种绝缘材料的机械强度的各种指标是(　)等各种强度指标。,抗张、抗压、抗弯，,抗剪、抗撕、抗冲击,抗张、抗压,含A，B两项,D
826,用手电钻钻孔时，要穿戴(　)。,口罩,帽子,绝缘鞋,眼镜,C
827,劳动者的基本义务包括(　)等。,执行劳动安全卫生规程,超额完成工作,休息,休假,A
828,劳动安全卫生管理制度对未成年工给予了特殊的劳动保护，这其中的未成年工是指年满(　)未满18周岁的人。,14周岁,15周岁,16周岁,17周岁,C
829,调节电桥平衡时，若检流计指针向标有“+”的方向偏转时，说明(　)。,通过检流计电流大、应增大比较臂的电阻,通过检流计电流小、应增大比较臂的电阻,通过检流计电流小、应减小比较臂的电阻,通过检流计电流大、应减小比较臂的电阻,A
830,直流双臂电桥达到平衡时，被测电阻值为(　)。,倍率读数与可调电阻相乘,倍率读数与桥臂电阻相乘,桥臂电阻与固定电阻相乘,桥臂电阻与可调电阻相乘,A
831,直流双臂电桥为了减少接线及接触电阻的影响，在接线时要求(　)。,电流端在电位端外侧,电流端在电位端内侧,电流端在电阻端外侧,电流端在电阻端内侧,A
832,直流单臂电桥测量小值电阻时，不能排除(　)，而直流双臂电桥则可以。,接线电阻及接触电阻,接线电阻及桥臂电阻,桥臂电阻及接触电阻,桥臂电阻及导线电阻,A
833,手持式数字万用表的A/D转换电路通常采用(　)电路。,积分型,逐次逼近型,比较并联型,比较串联型,A
834,晶体管毫伏表最小量程一般为(　)。,10mV,1mV,1V,0.1V,B
835,晶闸管型号KS20-8中的8表示(　)。,允许的最高电压800V,允许的最高电压80V,允许的最高电压8V,允许的最高电压8kV,A
836,双向晶闸管的额定电流是用(　)来表示的。,有效值,最大值,平均值,最小值,A
837,单结晶体管的结构中有(　)个基极。,1,2,3,4,B
838,理想集成运放输出电阻为(　)。,10Ω,100Ω,0,1KΩ,C
839,分压式偏置共射放大电路，稳定工作点效果受(　)影响。,Rc,RB,RE,Ucc,C
840,固定偏置共射放大电路出现饱和失真，是(　)。,RB偏小,RB偏大,Rc偏小,Rc偏大,A
841,多级放大电路之间，常用共集电极放大电路，是利用其(　)特性。,输入电阻大、输出电阻大,输入电阻小、输出电阻大,输入电阻大、输出电阻小,输入电阻小、输出电阻小,C
842,输入电阻最小的放大电路是(　)。,共射极放大电路,共集电极放大电路,共基极放大电路,差动放大电路,C
843,电气设备的巡视一般均由(　)进行。,1人,2人,3人,4人,B
844,民用住宅的供电电压是(　)。,380V,220V,50V,36V,B
845,岗位的质量要求，通常包括操作程序，工作内容，工艺规程及(　)等。,工作计划,工作目的,参数控制,工作重点,C
846,直流单臂电桥测量几欧姆电阻时，比率应选为(　)。,0.001,0.01,0.1,1,A
847,直流双臂电桥达到平衡时，被测电阻值为(　)。,倍率读数与可调电阻相乘,倍率读数与桥臂电阻相乘,桥臂电阻与固定电阻相乘,桥臂电阻与可调电阻相乘,A
848,信号发生器的波形对称调节器是(　)。,调节信号周期,调节信号频率,调节信号占空比,调节信号幅值,C
849,通常信号发生器按频率分类有(　)。,低频信号发生器,高频信号发生器,超高频信号发生器,以上都是,D
850,示波器中的(　)经过偏转板时产生偏移。,电荷,高速电子束,电压,电流,B
851,三端集成稳压电路78L06，允许的输出电流最大值为(　)A。,1,0.1,1.5,0.01,B
852,TTL与非门电路低电平的产品典型值通常不高于(　)伏。,1,0.4,0.8,1.5,B
853,晶闸管型号KS20-8中的8表示(　)。,允许的最高电压800V,允许的最高电压80V,允许的最高电压8V,允许的最高电压8kV,A
854,普通晶闸管中间P层的引出极是(　)。,漏极,阴极,门极,阳极,C
855,双向晶闸管的额定电流是用(　)来表示的。,有效值,最大值,平均值,最小值,A
856,用于电源为220V交流电的可控整流电路中的普通晶闸管应选用耐压为(　)。,250V,500V,700V,1000V,C
857,单结晶体管的结构中有(　)个基极。,1,2,3,4,B
858,单结晶体管两个基极的文字符号是(　)。,C1、C2,D1、D2,E1、E2,B1、B2,D
859,集成运放的输出级通常由(　)构成。,共射放大电路,共集电极放大电路,共基极放大电路,互补对称射极放大电路,D
860,固定偏置共射极放大电路，已知RB=300KΩ，RC=4KΩ，Vcc=12V，β=50，则IBQ为(　)。,40μA,30μA,40mA,10μA,A
861,分压式偏置共射放大电路，稳定工作点效果受(　)影响。,Rc,RB,RE,Ucc,C
862,放大电路的静态工作点的偏高易导致信号波形出现(　)失真。,截止,饱和,交越,非线性,B
863,要稳定输出电压，减少电路输入电阻应选用(　)负反馈。,电压串联,电压并联,电流串联,电流并联,B
864,(　)差动放大电路不适合单端输出。,基本,长尾,具有恒流源,双端输入,A
865,音频功率放大器频带宽，典型值可达(　)KHZ。,300,100,200,1000,A
866,RC选频振荡电路，能产生电路振荡的放大电路的放大倍数至少为(　)。,10,3,5,20,B
867,LC选频振荡电路达到谐振时，选频电路的相位移为(　)度。,0,90,180,-90,A
868,串联型稳压电路的调整管接成(　)电路形式。,共基极,共集电极,共射极,分压式共射极,B
869,CW7806的输出电压、最大输出电流为(　)伏。,6V、1.5A,6V、1A,6V、0.5A,6V、0.1A,A
870,单相半波可控整流电路中晶闸管所承受的最高电压是(　)。,1.414U2,0.707U2,U2,2U2,A
871,单相半波可控整流电路的电源电压为220V，晶闸管的额定电压要留2倍裕量，则需选购(　)的晶闸管。,250V,300V,500V,700V,D
872,单相桥式可控整流电路电感性负载，控制角α=60°时，输出电压Ud是(　)。,1.17U2,0.9U2,0.45U2,1.35U2,C
873,晶闸管电路中串入小电感的目的是(　)。,防止电流尖峰,防止电压尖峰,产生触发脉冲,产生自感电动势,A
874,晶闸管两端(　)的目的是实现过压保护。,串联快速熔断器,并联快速熔断器,并联压敏电阻,串联压敏电阻,C
875,控制和保护含半导体器件的直流电路中宜选用(　)断路器。,塑壳式,限流型,框架式,直流快速断路器,D
876,反复短时工作制的周期时间T≤10min，工作时间tg≤4min时，导线的允许电流有下述情况确定：截面小于(　)的铜线，则允许电流按长期工作制计算。,1.5mm2,2.5mm2,4mm2,6mm2,D
877,较复杂机械设备反馈强度整定时，缓缓增加Ug，注意电流变化情况，直到(　)达到最大允许值并且稳定。,Ig,Eg,Fg,Qg,A
878,爱岗敬业的具体要求是(　)。,看效益决定是否爱岗,转变择业观念,提高职业技能,增强把握择业的机遇意识,C
879,电工指示仪表的准确等级通常分为七级，它们分别为0.1级、0.2级、0.5级、(　)等。,0.6级,0.8级,0.9级,1.0级,D
880,在单相半波可控整流电路中，α越大，输出Ud(　)。,越大,越小,不变,不一定,B
881,小容量晶闸管调速电路要求调速平滑、(　)、稳定性好。,可靠性高,抗干扰能力强,设计合理,适用性好,B
882,在MGB1420万能磨床中，一般触发大容量的晶闸管时，C应选得大一些，如晶闸管是50A的，C应选(　)。,0.47μF,0.2μF,2μF,5μF,A
883,X6132型万能铣床工作台向后、(　)压手柄SQ4及工作台向左手柄压，接通接触器KM4线圈，即按选择方向作进给运动。,向上,向下,向后,向前,A
884,定子绕组串电阻的降压启动是指电动机启动时，把电阻串接在电动机定子绕组与电源之间，通过电阻的分压作用来(　)定子绕组上的启动电压。,提高,减少,加强,降低,D
885,钳形电流表每次测量只能钳入一根导线，并将导线置于钳口(　)，以提高测量准确性。,上部,下部,中央,任意位置,C
886,岗位的质量要求，通常包括操作程序、工作内容、工艺规程及(　)等。,工作计划,工作目的,参数控制,工作重点,C
887,为了使图示仪的坐标尺度准确地反映电压或电流值，全机设有3个校正开关。按一个校正开关，屏幕上光点移动(　)就算校正正确。,2格,5格,10格,20格,C
888,在对称三相电路中，可采用一只单相功率表测量三相无功功率，其实际三相功率应是测量值乘以(　)。,2,3,4,5,B
889,X6132型万能铣床主轴制动时，元件动作顺序为：SB1（或SB2）按钮动作→KM1、M1失电→(　)常闭触点闭合→YC1得电。,KM1,KM2,KM3,KM4,A
890,企业创新要求员工努力做到(　)。,不能墨守成规，但也不能标新立异,大胆地破除现有的结论，自创理论体系,大胆地试大胆地闯，敢于提出新问题,激发人的灵感，遏制冲动和情感,C
891,小容量晶体管调速器电路中的电压负反馈环节由R16、R3、(　)组成。,RP6,R9,R16,R20,A
892,桥式起重机主要构成部件是(　)和受电器。,导管,导轨,钢轨,拨叉,A
893,接地体制作完成后，应将接地体垂直打入土壤中，至少打入3根接地体，接地体之间相距(　)。,5m,6m,8m,10m,A
894,白铁管和电线管径可根据穿管导线的截面和根数选择，如果导线的截面积为1mm2，穿导线的根数为两根，则线管规格为(　)mm。,13,16,19,25,A
895,X6132型万能铣床电气控制板制作前应检测电动机(　)。,是否有异味,是否有异常声响,绝缘是否良好,是否振动,C
896,X6132型万能铣床工作台的左右运动由操纵手柄来控制，而联动机构控制行程的开关SQ1和SQ2，则是分别控制工作台(　)运动。,向右及向上,向右及向下,向右及向后,向右及向左,D
897,在MGB1420万能磨床的工件电动机控制回路中，M的启动、点动及停止均由主令开关(　)控制中间继电器KAl、KA2来实现的。,KAl、KA2,KAl、KA3,KA2、KA3,KAl、KA4,A
898,桥式起重机电线进入接线端子箱时，线束用(　)捆扎。,绝缘胶布,腊线,软导线,硬导线,B
899,当以20／5t桥式起重机导轨为基础，对供电导管调整时，其导管水平高度的调整，是以悬吊梁为基准，并在悬吊架处进行测量和校准，直至误差(　)。,≤2mm,≤2.5mm,≤4mm,≤6mm,A
900,干燥场所内明敷线路时，一般采用管壁较薄的(　)。,硬塑料管,电线管,软塑料管,水煤气管,B
901,光电开关按结构可分为(　)、放大器内藏型和电源内藏型三类。,放大器组合型,放大器分离型,电源分离型,放大器集成型,B
902,光电开关的接收器根据所接收到的(　)对目标物体实现探测，产生开关信号。,压力大小,光线强弱,电流大小,频率高低,B
903,光电开关可以(　)、无损伤地迅速检测和控制各种固体、液体、透明体、黑体、柔软体、烟雾等物质的状态。,高亮度,小电流,非接触,电磁感应,C
904,当检测高速运动的物体时，应优先选用(　)光电开关。,光纤式,槽式,对射式,漫反射式,B
905,下列(　)场所，有可能造成光电开关的误动作，应尽量避开。,办公室,高层建筑,气压低,灰尘较多,D
906,接近开关的图形符号中，其菱形部分与常开触点部分用(　)相连。,虚线,实线,双虚线,双实线,A
907,当检测体为(　)时，应选用高频振荡型接近开关。,透明材料,不透明材料,金属材料,非金属材料,C
908,选用接近开关时应注意对工作电压、负载电流、响应频率、(　)等各项指标的要求。,检测距离,检测功率,检测电流,工作速度,A
909,磁性开关可以由(　)构成。,接触器和按钮,二极管和电磁铁,三极管和永久磁铁,永久磁铁和干簧管,D
910,磁性开关中的干簧管是利用(　)来控制的一种开关元件。,磁场信号,压力信号,温度信号,电流信号,A
911,磁性开关的图形符号中有一个(　)。,长方形,平行四边形,菱形,正方形,C
912,磁性开关用于(　)场所时应选金属材质的器件。,化工企业,真空低压,强酸强碱,高温高压,D
913,磁性开关在使用时要注意磁铁与(　)之间的有效距离在10mm左右。,干簧管,磁铁,触点,外壳,A
914,增量式光电编码器主要由光源、码盘、(　)、光电检测器件和转换电路组成。,发光二极管,检测光栅,运算放大器,脉冲发生器,B
915,增量式光电编码器每产生一个输出脉冲信号就对应于一个(　)。,增量转速,增量位移,角度,速度,B
916,增量式光电编码器由于采用固定脉冲信号，因此旋转角度的起始位置(　)。,是出厂时设定的,可以任意设定,使用前设定后不能变,固定在码盘上,B
917,增量式光电编码器根据信号传输距离选型时要考虑(　)。,输出信号类型,电源频率,环境温度,空间高度,A
918,可编程序控制器是一种专门在(　)环境下应用而设计的数字运算操作的电子装置。,工业,军事,商业,农业,A
919,可编程序控制器采用大规模集成电路构成的(　)和存储器来组成逻辑部分。,运算器,微处理器,控制器,累加器,B
920,FX2N系列可编程序控制器计数器用(　)表示。,X,Y,T,C,D
921,在PLC通电后，第一个执行周期(　)接通，用于计数器和移位寄存器等的初始化（复位）。,M8000,M8002,M8013,M8034,复位
922,可编程序控制器(　)中存放的随机数据掉电即丢失。,RAM,ROM,EEPROM,以上都是,A
923,可编程控制器在STOP模式下，执行(　)。,输出采样,输入采样,输出刷新,以上都执行,D
924,可编程序控制器停止时，(　)阶段停止执行。,程序执行,存储器刷新,传感器采样,输入采样,A
925,继电器接触器控制电路中的计数器，在PLC控制中可以用(　)替代。,M,S,C,T,C
926,(　)是PLC主机的技术性能范围。,行程开关,光电传感器,温度传感器,内部标志位,D
927,FX2N可编程序控制器DC24V输出电源，可以为(　)供电。,电磁阀,交流接触器,负载,光电传感器,D
928,FX2N可编程序控制器(　)输出反应速度比较快。,继电器型,晶体管和晶闸管型,晶体管和继电器型,继电器和晶闸管型,B
929,FX2N-40ER可编程序控制器中E表示(　)。,基本单元,扩展单元,单元类型,输出类型,B
930,可编程序控制器在输入端使用了(　)，来提高系统的抗干扰能力。,继电器,晶闸管,晶体管,光电耦合器,D
931,在一个PLC程序中，同一地址号的线圈只能使用(　)次。,三,二,一,无限,C
932,PLC梯形图编程时，输出继电器的线圈并联在(　)。,左端,右端,中间,不限,B
933,(　)是可编程序控制器使用较广的编程方式。,功能表图,梯形图,位置图,逻辑图,B
934,在FX2NPLC中，T200的定时精度为(　)。,1ms,10ms,100ms,1s,B
935,对于小型开关量PLC梯形图程序，一般只有(　)。,初始化程序,子程序,中断程序,主程序,D
936,FX2NPLC的通信口是(　)模式。,RS232,RS485,RS422,USB,C
937,三菱GXDeveloperPLC编程软件可以对(　)PLC进行编程。,A系列,Q系列,FX系列,以上都可以,D
938,将程序写入可编程序控制器时，首先将(　)清零。,存储器,计数器,计时器,计算器,A
939,对于继电器输出型可编程序控制器其所带负载只能是额定(　)电源供电。,交流,直流,交流或直流,低压直流,C
940,对于可编程序控制器电源干扰的抑制，一般采用隔离变压器和(　)来解决。,直流滤波器,交流滤波器,直流发电机,交流整流器,B
941,为避免程序和(　)丢失，可编程序控制器装有锂电池，当锂电池电压降至相应的信号灯亮时，要及时更换电池。,地址,序号,指令,数据,D
942,根据电动机顺序启动梯形图，下列指令正确的是(　)。,ORIY001,LDIX000,ANDX001,ANDIX002,D
943,FX编程器的显示内容包括(　)、数据、工作方式、指令执行情况和系统工作状态等。,地址,参数,程序,位移储存器,A
944,对于晶闸管输出型PLC，要注意负载电源为(　)，并且不能超过额定值。,AC600V,AC220V,DC220V,DC24V,B
945,变频器是把电压、频率固定的交流电变换成(　)可调的交流电的变换器。,电压、频率,电流、频率,电压、电流,相位、频率,A
946,电压型逆变器采用电容滤波，电压较稳定，(　)，调速动态响应较慢，适用于多电动机传动及不可逆系统。,输出电流为矩形波或阶梯波,输出电压为矩形波或阶梯波,输出电压为尖脉冲,输出电流为尖脉冲,B
947,在通用变频器主电路中的电源整流器件较多采用(　)。,快恢复二极管,普通整流二极管,肖特基二极管,普通晶闸管,B
948,变频器输出侧技术数据中(　)是用户选择变频器容量时的主要依据。,额定输出电流,额定输出电压,输出频率范围,配用电动机容量,A
949,变频器常见的各种频率给定方式中，最易受干扰的方式是(　)方式。,键盘给定,模拟电压信号给定,模拟电流信号给定,通信方式给定,B
950,变频调速时电压补偿过大会出现(　)情况。,负载轻时，电流过大,负载轻时，电流过小,电机转矩过小，难以启动,负载重时，不能带动负载,A
951,变频器的干扰有：电源干扰、地线干扰、串扰、公共阻抗干扰等。尽量缩短电源线和地线是竭力避免(　)。,电源干扰,地线干扰,串扰,公共阻抗干扰,D
952,变频器中的直流制动是克服低速爬行现象而设置的，拖动负载惯性越大，(　)设定值越高。,直流制动电压,直流制动时间,直流制动电流,制动起始频率,A
953,西门子MM420变频器的主电路电源端子(　)需经交流接触器和保护用断路器与三相电源连接。但不宜采用主电路的通、断进行变频器的运行与停止操作。,X、Y、Z,U、V、W,L1、L2、L3,,C
954,一台使用多年的250kW电动机拖动鼓风机，经变频改造运行二个月后常出现过流跳闸。故障的原因可能是(　)。,变频器选配不当,变频器参数设置不当,变频供电的高频谐波使电机绝缘加速老化,负载有时过重,C
955,笼形异步电动机启动时冲击电流大，是因为启动时(　)。,电动机转子绕组电动势大,电动机温度低,电动机定子绕组频率低,电动机的启动转矩大,A
956,软启动器在(　)下，一台软启动器才有可能启动多台电动机。,跨越运行模式,节能运行模式,接触器旁路运行模式,调压调速运行模式,C
957,软启动器(　)常用于短时重复工作的电动机。,跨越运行模式,接触器旁路运行模式,节能运行模式,调压调速运行模式,C
958,软启动器进行启动操作后，电动机运转，但长时间达不到额定值。此故障不可能的原因是(　)。,启动参数不合适,晶闸管模块故障,启动控制方式不当,启动线路接线错误,D
959,软启动器旁路接触器必须与软启动器的输入和输出端一一对应接正确，(　)。,要就近安装接线,允许变换相序,不允许变换相序,要做好标识,C
960,测速发电机可以作为(　)。,电压元件,功率元件,检测元件,电流元件,C
961,测速发电机是一种将(　)转换为电气信号的机电式信号元件。,输入电压,输出电压,转子速度,电磁转矩,C
962,在MGB1420万能磨床的自动循环工作电路系统中，通过微动开关SQ1、SQ2，行程开关(　)，万能转换开关SA4，时间继电器KT和电磁阀YT与油路、机械方面配合实现磨削自动循环工作。,SQ3,SQ4,SQ5,SQ6,A
963,在商业活动中，不符合待人热情要求的是(　)。,严肃待客，表情冷漠,主动服务，细致周到,微笑大方，不厌其烦,亲切友好，宾至如归,A
964,20／5t桥式起重机安装前检查各电器是否良好，其中包括检查电动机、电磁制动器、(　)及其他控制部件,凸轮控制器,过电流继电器,中间继电器,时间继电器,A
965,起重机桥箱内电风扇和电热取暖设备的电源用(　)电源。,380V,220V,36V,24V,B
966,用万用表测量控制极和阴极之间正向阻值时，一般反向电阻比正向电阻大，正向几十欧姆以下，反向(　)以上。,数十欧姆以上,数百欧姆以上,数千欧姆以上,数十千欧姆以上,B
967,下列电磁污染形式不属于人为的电磁污染的是(　)。,脉冲放电,电磁场,射频电磁污染,火山爆发,D
968,20／5t桥式起重机限位开关的安装要求是：依据设计位置安装固定限位开关，限位开关的型号、规格要符合设计要求，以保证安全撞压、动作灵敏、(　)。,绝缘良好,安装可靠,触头使用合理,便于维护,B
969,在测量额定电压为500V以上的电气设备的绝缘电阻时，应选用额定电压为(　)的兆欧表。,500V,1000V,2500V,2500V以上,C
970,电磁调速电动机校验和试车时，拖动电动机一般可以全压启动，如果电源容量不足，可采用(　)作减压启动。,串电阻,星―三角,自耦变压器,延边三角形,C
971,短时工作制的工作时间tg≤4min，并且停歇时间内导线或电缆能冷却到周围环境温度时，导线或电缆的允许电流按(　)确定。,反复短时工作制,短时工作制,长期工作制,反复长时工作制,A
972,电工指示仪表在使用时，通常根据仪表的准确度等级来决定用途，如2.5级仪表常用于(　)。,标准表,实验室,工程测量,工业测量,C
973,劳动者的基本义务包括(　)等。,执行劳动安全卫生规程,超额完成工作,休息,休假,A
974,20/5t桥式起重机电动机定子回路调试时，在断电情况下，顺时针方向扳动凸轮控制器操作手柄，同时用万用表R×1Ω挡测量2L3―W及2L1―U，在(　)挡速度内应始终保持导通。,2,3,4,5,D
975,读图的基本步骤是：看图样说明、(　)、看安装接线图。,看主电路,看电路图,看辅助电路,看交流电路,B
976,变频器是通过改变交流电动机定子电压、频率等参数来(　)的装置。,调节电动机转速,调节电动机转矩,调节电动机功率,调节电动机性能,A
977,FR-A700系列是三菱(　)变频器。,多功能高性能,经济型高性能,水泵和风机专用型,节能型轻负载,A
978,变频器输出侧技术数据中(　)是用户选择变频器容量时的主要依据。,额定输出电流,额定输出电压,输出频率范围,配用电动机容量,A
979,变频器常见的各种频率给定方式中，最易受干扰的方式是(　)方式。,键盘给定,模拟电压信号给定,模拟电流信号给定,通信方式给定,B
980,SPWM型变频器的变压变频，通常是通过改变(　)来实现的。,参考信号正弦值的幅值和频率,载波信号三角波的幅值和频率,参考信号和载波信号两者的幅值和频率,参考信号的幅值和载波信号的频率,A
981,西门子变频器的功率输出线是(　)。,U、V、W,L1、L2、L3,C,R、S、T,A
982,西门子MM440变频器可通过USS串行接口来控制其启动、停止（命令信号源）及(　)。,频率输出大小,电机参数,直流制动电流,制动起始频率,A
983,交流笼型异步电动机的启动方式有：星三角启动、自耦减压启动、定子串电阻启动和软启动等。从启动性能上讲，最好的是(　)。,星三角启动,自耦减压启动,串电阻启动,软启动,D
984,软启动器的晶闸管调压电路组件主要由(　)、控制单元、限流器、通信模块等选配模块组成。,动力底座,Profibus模块,隔离器模块,热过载保护模块,A
985,西普STR系列(　)软启动器，是外加旁路、智能型。,A型,B型,C型,L型,B
986,变频启动方式比软启动器的启动转矩(　)。,大,小,一样,小很多,A
987,软启动器的功能调节参数有：运行参数、(　)、停车参数。,电阻参数,启动参数,电子参数,电源参数,B
988,软启动器具有轻载节能运行功能的关键在于(　)。,选择最佳电压来降低气隙磁通,选择最佳电流来降低气隙磁通,提高电压来降低气隙磁通,降低电压来降低气隙磁通,A
989,软启动器在(　)下，一台软启动器才有可能启动多台电动机。,跨越运行模式,节能运行模式,接触器旁路运行模式,调压调速运行模式,C
990,软启动器(　)常用于短时重复工作的电动机。,跨越运行模式,接触器旁路运行模式,节能运行模式,调压调速运行模式,C
991,接通主电源后，软启动器虽处于待机状态，但电动机有嗡嗡响。此故障不可能的原因是(　)。,晶闸管短路故障,旁路接触器有触点粘连,触发电路不工作,启动线路接线错误,C
992,软启动器旁路接触器必须与软启动器的输入和输出端一一对应接正确，(　)。,要就近安装接线,允许变换相序,不允许变换相序,要做好标识,C
993,(　)是企业诚实守信的内在要求。,维护企业信誉,增加职工福利,注重经济效益,开展员工培训,A
994,下列关于勤劳节俭的论述中，不正确的选项是(　)。,企业可提倡勤劳，但不宜提倡节俭,“一分钟应看成是八分钟”,勤劳节俭符合可持续发展的要求,“节省一块钱，就等于净赚一块钱”,A
995,企业创新要求员工努力做到(　)。,不能墨守成规，但也不能标新立异,大胆地破除现有的结论，自创理论体系,大胆地试大胆地闯，敢于提出新问题,激发人的灵感，遏制冲动和情感,C
996,对待职业和岗位，(　)并不是爱岗敬业所要求的。,树立职业理想,干一行爱一行专一行,遵守企业的规章制度,一职定终身，绝对不改行,D
997,下面关于严格执行安全操作规程的描述，错误的是(　)。,每位员工都必须严格执行安全操作规程,单位的领导不需要严格执行安全操作规程,严格执行安全操作规程是维持企业正常生产的根本保证,不同行业安全操作规程的具体内容是不同的,B
998,示波器的X轴通道对被测信号进行处理，然后加到示波管的(　)偏转板上。,水平,垂直,偏上,偏下,A
999,数字存储示波器的带宽最好是测试信号带宽的(　)倍。,3,4,6,5,D
1000,下列不是晶体管毫伏表的特性是(　)。,测量量限大,灵敏度低,输入阻抗高,输出电容小,B
1001,三端集成稳压电路78L06，允许的输出电流最大值为(　)A。,1,0.1,1.5,0.01,B
1002,三端集成稳压电路78系列，其输出电流最大值为(　)A。,2,1,3,1.5,D
1003,符合有“1”得“1”，全“0”得“0”的逻辑关系的逻辑门是(　)。,或门,与门,非门,与非门,A
1004,TTL与非门电路低电平的产品典型值通常不高于(　)伏。,1,0.4,0.8,1.5,B
1005,晶闸管型号KS20-8中的8表示(　)。,允许的最高电压800V,允许的最高电压80V,允许的最高电压8V,允许的最高电压8kV,A
1006,普通晶闸管中间P层的引出极是(　)。,漏极,阴极,门极,阳极,C
1007,普通晶闸管的额定电流是以工频正弦半波电流的(　)来表示的。,最小值,最大值,有效值,平均值,D
1008,单结晶体管的结构中有(　)个PN结。,4,3,1,2,C
1009,集成运放通常有(　)部分组成。,3,4,5,6,B
1010,固定偏置共射极放大电路，已知RB=300KΩ，RC=4KΩ，Vcc=12V，β=50，则ICQ为(　)。,2μA,3μA,2mA,3mA,C
1011,分压式偏置共射放大电路，稳定工作点效果受(　)影响。,Rc,RB,RE,Ucc,C
1012,固定偏置共射放大电路出现截止失真，是(　)。,RB偏小,RB偏大,Rc偏小,Rc偏大,B
1013,为了增加带负载能力，常用共集电极放大电路的(　)特性。,输入电阻大,输入电阻小,输出电阻大,输出电阻小,D
1014,共射极放大电路的输出电阻比共基极放大电路的输出电阻是(　)。,大,小,相等,不定,C
1015,要稳定输出电流，减小电路输入电阻应选用(　)负反馈。,电压串联,电压并联,电流串联,电流并联,D
1016,下列不是集成运放的线性应用的是(　)。,比例应用,加法应用,积分应用,比较器,D
1017,音频功率放大器频带宽，典型值可达(　)KHZ。,300,100,200,1000,A
1018,RC选频振荡电路，能产生电路振荡的放大电路的放大倍数至少为(　)。,10,3,5,20,B
1019,LC选频振荡电路适合(　)的高频电路。,1MHz,10MHz,几十KHz～几十MHz,100KHz,C
1020,串联型稳压电路的取样电路与负载的关系为(　)连接。,串联,并联,混联,星型,B
1021,下列逻辑门电路需要外接上拉电阻才能正常工作的是(　)。,与非门,或非门,与或非门,OC门,D
1022,单相半波可控整流电路的电源电压为220V，晶闸管的额定电压要留2倍裕量，则需选购(　)的晶闸管。,250V,300V,500V,700V,D
1023,单相桥式可控整流电路中，控制角α越大，输出电压Ud(　)。,越大,越小,为零,越负,B
1024,单相桥式可控整流电路电阻性负载，晶闸管中的电流平均值是负载的(　)倍。,0.5,1,2,0.25,A
1025,(　)触发电路输出尖脉冲。,交流变频,脉冲变压器,集成,单结晶体管,D
1026,晶闸管电路中串入小电感的目的是(　)。,防止电流尖峰,防止电压尖峰,产生触发脉冲,产生自感电动势,A
1027,对于电动机负载，熔断器熔体的额定电流应选电动机额定电流的(　)倍。,1～1.5,1.5～2.5,2.0～3.0,2.5～3.5,B
1028,断路器中过电流脱扣器的额定电流应该大于等于线路的(　)。,最大允许电流,最大过载电流,最大负载电流,最大短路电流,C
1029,接触器的额定电流应不小于被控电路的(　)。,额定电流,负载电流,最大电流,峰值电流,A
1030,对于△接法的异步电动机应选用(　)结构的热继电器。,四相,三相,两相,单相,B
1031,中间继电器的选用依据是控制电路的电压等级、(　)、所需触点的数量和容量等。,电流类型,短路电流,阻抗大小,绝缘等级,A
1032,根据机械与行程开关传力和位移关系选择合适的(　)。,电流类型,电压等级,接线型式,头部型式,D
1033,选用LED指示灯的优点之一是(　)。,寿命长,发光强,价格低,颜色多,A
1034,BK系列控制变压器适用于机械设备中一般电器的(　)、局部照明及指示电源。,电动机,油泵,控制电源,压缩机,C
1035,控制两台电动机错时停止的场合，可采用(　)时间继电器。,通电延时型,断电延时型,气动型,液压型,B
1036,压力继电器选用时首先要考虑所测对象的压力范围，还要符合电路中的额定电压，(　)，所测管路接口管径的大小。,触点的功率因数,触点的电阻率,触点的绝缘等级,触点的电流容量,D
1037,直流电动机结构复杂、价格贵、制造麻烦、维护困难，但是(　)、调速范围大。,启动性能差,启动性能好,启动电流小,启动转矩小,B
1038,并励直流电动机的励磁绕组与(　)并联。,电枢绕组,换向绕组,补偿绕组,稳定绕组,A
1039,直流电动机常用的启动方法有：(　)、降压启动等。,弱磁启动,Y-△启动,电枢串电阻启动,变频启动,C
1040,直流串励电动机需要反转时，一般将(　)两头反接。,励磁绕组,电枢绕组,补偿绕组,换向绕组,A
1041,直流电动机转速不正常的故障原因主要有(　)等。,换向器表面有油污,接线错误,无励磁电流,励磁绕组接触不良,D
1042,绕线式异步电动机转子串电阻启动时，随着(　)，要逐渐减小电阻。,电流的增大,转差率的增大,转速的升高,转速的降低,C
1043,绕线式异步电动机转子串频敏变阻器启动与串电阻分级启动相比，控制线路(　)。,比较简单,比较复杂,只能手动控制,只能自动控制,A
1044,以下属于多台电动机顺序控制的线路是(　)。,Y-△启动控制线路,一台电动机正转时不能立即反转的控制线路,一台电动机启动后另一台电动机才能启动的控制线路,两处都能控制电动机启动和停止的控制线路,C
1045,多台电动机的顺序控制线路(　)。,既包括顺序启动，又包括顺序停止,不包括顺序停止,不包括顺序启动,通过自锁环节来实现,A
1046,位置控制就是利用生产机械运动部件上的挡铁与(　)碰撞来控制电动机的工作状态。,断路器,位置开关,按钮,接触器,B
1047,下列属于位置控制线路的是(　)。,走廊照明灯的两处控制电路,电风扇摇头电路,电梯的开关门电路,电梯的高低速转换电路,C
1048,三相异步电动机能耗制动时，机械能转换为电能并消耗在(　)回路的电阻上。,励磁,控制,定子,转子,D
1049,三相异步电动机能耗制动的控制线路至少需要(　)个接触器。,1,2,3,4,B
1050,三相异步电动机反接制动，转速接近零时要立即断开电源，否则电动机会(　)。,飞车,反转,短路,烧坏,B
1051,三相异步电动机再生制动时，将机械能转换为电能，回馈到(　)。,负载,转子绕组,定子绕组,电网,D
1052,劳动者的基本权利包括(　)等。,完成劳动任务,提高职业技能,请假外出,提请劳动争议处理,D
1053,劳动者的基本义务包括(　)等。,遵守劳动纪律,获得劳动报酬,休息,休假,A
1054,调节电桥平衡时，若检流计指针向标有“－”的方向偏转时，说明(　)。,通过检流计电流大、应增大比较臂的电阻,通过检流计电流小、应增大比较臂的电阻,通过检流计电流小、应减小比较臂的电阻,通过检流计电流大、应减小比较臂的电阻,C
1055,直流双臂电桥的连接端分为(　)接头。,电压、电阻,电压、电流,电位、电流,电位、电阻,C
1056,直流单臂电桥用于测量中值电阻，直流双臂电桥的测量电阻在(　)Ω以下。,10,1,20,30,A
1057,低频信号发生器的输出有(　)输出。,电压、电流,电压、功率,电流、功率,电压、电阻,B
1058,示波器中的(　)经过偏转板时产生偏移。,电荷,高速电子束,电压,电流,B
1059,(　)适合现场工作且要用电池供电的示波器。,台式示波器,手持示波器,模拟示波器,数字示波器,B
1060,晶体管特性图示仪可观测(　)特性曲线。,共基极,共集电极,共发射极,以上都是,D
1061,三端集成稳压电路78L06，允许的输出电流最大值为(　)A。,1,0.1,1.5,0.01,B
1062,符合有“0”得“1”，全“1”得“0”的逻辑关系的逻辑门是(　)。,或门,与门,非门,与非门,D
1063,TTL与非门电路高电平的产品典型值通常不低于(　)伏。,3,4,2,2.4,D
1064,晶闸管型号KP20-8中的K表示(　)。,国家代号,开关,快速,晶闸管,D
1065,一只100A的双向晶闸管可以用两只(　)的普通晶闸管反并联来代替。,100A,90A,50A,45A,D
1066,单结晶体管的结构中有(　)个PN结。,4,3,1,2,C
1067,理想集成运放输出电阻为(　)。,10Ω,100Ω,0,1KΩ,C
1068,下列不属于放大电路的静态值为(　)。,IBQ,ICQ,UCEQ,UCBQ,D
1069,分压式偏置共射放大电路，更换β大的管子，其静态值UCEQ会(　)。,增大,变小,不变,无法确定,C
1070,固定偏置共射放大电路出现饱和失真，是(　)。,RB偏小,RB偏大,Rc偏小,Rc偏大,A
1071,为了以减小信号源的输出电流，降低信号源负担，常用共集电极放大电路的(　)特性。,输入电阻大,输入电阻小,输出电阻大,输出电阻小,A
1072,适合高频电路应用的电路是(　)。,共射极放大电路,共集电极放大电路,共基极放大电路,差动放大电路,C
1073,容易产生零点漂移的耦合方式是(　)。,阻容耦合,变压器耦合,直接耦合,电感耦合,C
1074,(　)作为集成运放的输入级。,共射放大电路,共集电极放大电路,共基放大电路,差动放大电路,D
1075,下列集成运放的应用能将矩形波变为尖顶脉冲波的是(　)。,比例应用,加法应用,微分应用,比较器,C
1076,LC选频振荡电路达到谐振时，选频电路的相位移为(　)度。,0,90,180,-90,A
1077,三端集成稳压器件CW317的输出电压为(　)伏。,1.25,5,20,1.25～37,D
1078,单相半波可控整流电路的输出电压范围是(　)。,1.35U2～0,U2～0,0.9U2～0,0.45U2～0,D
1079,单相半波可控整流电路电感性负载接续流二极管，α=90°时，输出电压Ud为(　)。,0.45U2,0.9U2,0.225U2,1.35U2,C
1080,单相桥式可控整流电路电感性负载带续流二极管时，晶闸管的导通角为(　)。,180°-α,90°-α,90°+α,180°+α,A
1081,单相桥式可控整流电路电感性负载，当控制角α=(　)时，续流二极管中的电流与晶闸管中的电流相等。,90°,60°,120°,300°,B
1082,(　)触发电路输出尖脉冲。,交流变频,脉冲变压器,集成,单结晶体管,D
1083,晶闸管电路中串入小电感的目的是(　)。,防止电流尖峰,防止电压尖峰,产生触发脉冲,产生自感电动势,A
1084,晶闸管两端并联压敏电阻的目的是实现(　)。,防止冲击电流,防止冲击电压,过流保护,过压保护,D
